Record_ID,Date,Region,Office,User_ID,Role,Tenure_Months,Project_ID,Industry,Asset_ID,Asset_Type,Pillar,Action,AI_Recommended,Network_Stable,Time_to_Find_Min,Duplicate_Upload_Flag,Tags_Quality_Score,Content_Age_Months,Outdated_Content_Flag,GDPR_Flag,Contribution_Points,Onboarding_Time_Weeks,Post_DKN_Flag
1,11/06/2023,North America,Austin,U0050,Manager,25,P048,Logistics,A0017,Training Material,Centralisation,tag_fix,0,1,,,58,0,0,0,4,,
2,31/03/2022,Asia,Tokyo,U0068,Junior Consultant,26,P048,Logistics,A0184,Code Snippet,Collaboration,view,0,1,20,,,0,0,0,1,,
3,14/05/2022,North America,Toronto,U0007,Consultant,22,P053,Renewable Energy,A0060,Best Practice,Collaboration,upload,0,1,,0,54,0,0,0,8,,
4,30/05/2024,North America,Austin,U0127,Knowledge Champion,14,P009,Smart Manufacturing,A0128,Framework,Collaboration,view,0,1,14,,,13,0,0,1,,
5,06/11/2022,North America,Toronto,U0061,Consultant,30,P021,Renewable Energy,A0082,Training Material,Collaboration,view,0,1,22,,,0,0,0,1,,
6,13/03/2024,Europe,Madrid,U0041,Junior Consultant,20,P016,Logistics,A0105,Template,Centralisation,upload,0,1,,0,69,8,0,0,8,,
7,28/05/2022,Asia,Tokyo,U0068,Junior Consultant,26,P040,Smart Manufacturing,A0022,Training Material,Personalisation,view,0,0,32,,,0,0,0,1,,
8,21/12/2022,Southeast Asia,Manila,U0060,Consultant,12,P009,Smart Manufacturing,A0107,Framework,Collaboration,view,0,1,20,,,11,0,0,1,,
9,06/09/2022,Europe,Copenhagen,U0076,Consultant,6,P019,Logistics,A0072,Training Material,Centralisation,view,0,1,25,,,0,0,0,1,,
10,22/05/2023,Europe,Berlin,U0048,Consultant,34,P016,Logistics,A0061,Framework,Collaboration,upload,0,1,,0,60,0,0,0,8,,
11,05/11/2024,Asia,Singapore,U0135,Junior Consultant,32,P015,Renewable Energy,A0167,Code Snippet,Collaboration,validate,0,0,,,85,31,1,0,5,,
12,19/04/2023,South America,São Paulo,U0115,Senior Consultant,6,P059,Logistics,A0096,Training Material,Centralisation,upload,1,0,,0,87,0,0,0,8,,
13,03/06/2022,Europe,Madrid,U0096,Consultant,16,P033,Logistics,A0046,Framework,Centralisation,view,0,1,23,,,0,0,0,1,,
14,05/08/2022,Asia,Jakarta,U0090,Junior Consultant,21,P014,Smart Manufacturing,A0010,Client Deliverable,Centralisation,view,0,1,21,,,0,0,0,1,,
15,21/02/2023,Asia,Singapore,U0003,Consultant,10,P053,Renewable Energy,A0084,Framework,Centralisation,view,1,1,13,,,0,0,0,1,,
16,06/03/2022,North America,Austin,U0127,Knowledge Champion,14,P036,Renewable Energy,A0124,Code Snippet,Centralisation,upload,0,1,,0,57,0,0,0,8,,
17,06/07/2022,North America,Toronto,U0042,Junior Consultant,25,P026,Smart Manufacturing,A0179,Training Material,Collaboration,view,0,1,19,,,0,0,0,1,,
18,16/04/2022,North America,Austin,U0080,Senior Consultant,12,P048,Logistics,A0146,Best Practice,Personalisation,tag_fix,0,1,,,69,0,0,0,4,,
19,16/01/2024,North America,Austin,U0051,Knowledge Champion,11,P026,Smart Manufacturing,A0187,Framework,Collaboration,view,1,1,4,,,13,0,0,1,,
20,21/08/2022,North America,Toronto,U0024,Junior Consultant,4,P026,Smart Manufacturing,A0148,Framework,Personalisation,tag_fix,0,1,,,55,0,0,0,4,,
21,31/01/2022,Europe,Copenhagen,U0014,Manager,6,P036,Renewable Energy,A0037,Framework,Collaboration,view,0,1,22,,,0,0,0,1,,
22,30/01/2024,Asia,Bangalore,U0130,Junior Consultant,16,P011,Renewable Energy,A0038,Framework,Centralisation,view,1,1,10,,,9,0,0,1,,
23,25/02/2024,Asia,Singapore,U0126,Consultant,15,P049,Logistics,A0207,Framework,Collaboration,validate,0,1,,,83,13,0,0,5,,
24,31/03/2022,Asia,Jakarta,U0124,Junior Consultant,19,P021,Renewable Energy,A0014,Training Material,Personalisation,view,0,1,26,,,0,0,0,1,,
25,25/11/2022,North America,Toronto,U0057,Consultant,36,P040,Smart Manufacturing,A0104,Code Snippet,Centralisation,view,0,1,21,,,0,0,0,1,,
26,27/03/2022,South America,São Paulo,U0103,Consultant,4,P034,Logistics,A0041,Template,Centralisation,view,0,1,19,,,0,0,0,1,,
27,30/01/2023,Europe,London,U0011,Consultant,40,P057,Smart Manufacturing,A0144,Best Practice,Collaboration,tag_fix,0,1,,,54,0,0,0,4,,
28,26/10/2023,North America,Vancouver,U0031,Senior Consultant,16,P025,Renewable Energy,A0154,Code Snippet,Collaboration,view,0,1,19,,,0,0,0,1,,
29,24/09/2023,Southeast Asia,Manila,U0064,Junior Consultant,13,P028,Logistics,A0100,Client Deliverable,Personalisation,view,1,1,14,,,16,0,0,1,,
30,29/09/2024,North America,Austin,U0120,Senior Consultant,22,P016,Logistics,A0115,Template,Collaboration,validate,0,1,,,78,0,0,0,5,,
31,30/03/2024,North America,Vancouver,U0028,Consultant,19,P005,Logistics,A0033,Training Material,Centralisation,view,0,1,8,,,21,1,0,1,,
32,25/03/2022,Europe,London,U0011,Consultant,40,P041,Smart Manufacturing,A0034,Training Material,Collaboration,upload,0,1,,0,56,0,0,1,8,,
33,29/10/2024,North America,Vancouver,U0097,Consultant,28,P042,Logistics,A0201,Code Snippet,Collaboration,upload,0,0,,0,63,28,1,0,8,,
34,04/10/2024,Europe,Copenhagen,U0074,Consultant,19,P052,Logistics,A0204,Client Deliverable,Collaboration,upload,1,0,,0,58,20,1,0,8,,
35,22/11/2022,North America,New York,U0083,Junior Consultant,17,P058,Logistics,A0158,Code Snippet,Collaboration,view,0,1,19,,,0,0,0,1,,
36,10/09/2024,Asia,Bangalore,U0054,Consultant,12,P038,Renewable Energy,A0068,Template,Centralisation,view,1,1,1,,,24,1,0,1,,
37,06/04/2024,North America,Toronto,U0042,Junior Consultant,25,P041,Smart Manufacturing,A0072,Training Material,Collaboration,view,0,1,10,,,0,0,0,1,,
38,24/08/2022,Europe,London,U0136,Consultant,12,P004,Logistics,A0163,Training Material,Collaboration,tag_fix,0,1,,,54,0,0,0,4,,
39,03/12/2024,North America,Austin,U0027,Consultant,18,P017,Renewable Energy,A0138,Client Deliverable,Centralisation,view,1,1,7,,,22,1,0,1,,
40,26/01/2024,Europe,Copenhagen,U0038,Junior Consultant,7,P024,Renewable Energy,A0085,Best Practice,Personalisation,validate,0,1,,,71,17,0,0,5,,
41,09/04/2022,Europe,Copenhagen,U0076,Consultant,6,P053,Renewable Energy,A0133,Client Deliverable,Personalisation,view,0,0,25,,,0,0,0,1,,
42,03/10/2023,Asia,Jakarta,U0001,Consultant,40,P048,Logistics,A0009,Code Snippet,Centralisation,view,0,1,21,,,2,0,0,1,,
43,16/01/2024,Europe,Berlin,U0013,Junior Consultant,16,P009,Smart Manufacturing,A0126,Template,Collaboration,view,1,1,13,,,19,1,0,1,,
44,28/12/2023,North America,Vancouver,U0078,Junior Consultant,22,P007,Smart Manufacturing,A0134,Client Deliverable,Centralisation,view,0,1,15,,,1,0,0,1,,
45,23/02/2023,Asia,Singapore,U0094,Senior Consultant,8,P040,Smart Manufacturing,A0213,Training Material,Centralisation,view,1,0,12,,,0,0,0,1,,
46,02/11/2022,Europe,London,U0116,Consultant,20,P007,Smart Manufacturing,A0017,Training Material,Collaboration,view,0,1,23,,,0,0,0,1,,
47,26/06/2023,Asia,Singapore,U0003,Consultant,10,P004,Logistics,A0166,Template,Collaboration,validate,0,1,,,68,0,0,0,5,,
48,26/11/2024,North America,Austin,U0127,Knowledge Champion,14,P016,Logistics,A0043,Code Snippet,Centralisation,comment,1,1,,,,7,0,0,2,,
49,02/05/2023,Europe,Madrid,U0041,Junior Consultant,20,P004,Logistics,A0200,Template,Personalisation,upload,1,1,,0,66,0,0,0,8,,
50,04/11/2024,South America,Buenos Aires,U0107,Senior Consultant,10,P053,Renewable Energy,A0157,Framework,Centralisation,upload,1,1,,0,79,1,0,0,8,,
51,14/01/2022,North America,Vancouver,U0097,Consultant,28,P055,Renewable Energy,A0112,Template,Personalisation,validate,0,1,,,55,0,0,0,5,,
52,15/07/2024,Asia,Tokyo,U0045,Manager,21,P015,Renewable Energy,A0027,Best Practice,Personalisation,view,0,1,21,,,8,0,0,1,,
53,24/06/2023,Europe,Copenhagen,U0014,Manager,6,P018,Logistics,A0163,Training Material,Personalisation,view,0,1,13,,,3,0,0,1,,
54,28/06/2023,Europe,Copenhagen,U0076,Consultant,6,P042,Logistics,A0056,Code Snippet,Personalisation,upload,0,1,,0,87,0,0,1,8,,
55,23/11/2022,Asia,Jakarta,U0084,Senior Consultant,4,P013,Logistics,A0100,Client Deliverable,Centralisation,view,0,1,19,,,6,0,0,1,,
56,19/08/2024,North America,Toronto,U0121,Consultant,12,P054,Logistics,A0136,Best Practice,Collaboration,view,0,1,15,,,7,0,0,1,,
57,23/09/2023,Europe,Berlin,U0055,Consultant,21,P026,Smart Manufacturing,A0160,Code Snippet,Personalisation,view,1,1,12,,,11,0,0,1,,
58,18/08/2022,North America,Vancouver,U0028,Consultant,19,P040,Smart Manufacturing,A0042,Framework,Centralisation,view,1,1,23,,,6,0,0,1,,
59,29/03/2022,Europe,Copenhagen,U0018,Consultant,23,P048,Logistics,A0012,Training Material,Personalisation,upload,0,1,,0,49,0,0,0,8,,
60,16/05/2022,North America,Toronto,U0099,Manager,23,P007,Smart Manufacturing,A0064,Framework,Centralisation,view,0,1,17,,,0,0,0,1,,
61,29/06/2022,Europe,Copenhagen,U0074,Consultant,19,P031,Logistics,A0026,Best Practice,Collaboration,upload,0,1,,0,30,0,0,1,8,,
62,19/06/2023,Europe,Copenhagen,U0006,Senior Consultant,24,P023,Renewable Energy,A0066,Training Material,Centralisation,comment,0,1,,,,0,0,0,2,,
63,28/10/2024,North America,Austin,U0122,Manager,11,P055,Renewable Energy,A0074,Client Deliverable,Centralisation,view,1,1,7,,,29,1,0,1,,
64,21/07/2022,North America,Toronto,U0089,Manager,9,P031,Logistics,A0181,Template,Personalisation,upload,0,1,,0,57,4,0,0,8,,
65,12/08/2023,North America,Toronto,U0044,Manager,4,P028,Logistics,A0001,Best Practice,Centralisation,view,1,1,11,,,0,0,0,1,,
66,14/12/2023,Asia,Singapore,U0126,Consultant,15,P007,Smart Manufacturing,A0126,Template,Collaboration,view,0,0,22,,,18,1,0,1,,
67,21/11/2024,Asia,Jakarta,U0067,Manager,16,P037,Logistics,A0041,Template,Centralisation,view,0,1,14,,,21,1,0,1,,
68,14/08/2022,South America,São Paulo,U0021,Consultant,27,P032,Renewable Energy,A0202,Best Practice,Personalisation,comment,0,1,,,,4,0,0,2,,
69,14/07/2022,South America,São Paulo,U0103,Consultant,4,P060,Smart Manufacturing,A0102,Code Snippet,Collaboration,tag_fix,0,1,,,68,0,0,0,4,,
70,21/02/2022,Europe,Madrid,U0096,Consultant,16,P014,Smart Manufacturing,A0078,Code Snippet,Collaboration,view,0,1,16,,,0,0,0,1,,
71,24/04/2023,North America,Austin,U0118,Junior Consultant,8,P009,Smart Manufacturing,A0137,Framework,Collaboration,view,1,1,11,,,0,0,0,1,,
72,01/11/2023,Europe,London,U0134,Junior Consultant,21,P010,Smart Manufacturing,A0216,Training Material,Personalisation,view,0,1,10,,,0,0,0,1,,
73,11/06/2023,Southeast Asia,Manila,U0060,Consultant,12,P009,Smart Manufacturing,A0086,Training Material,Collaboration,view,1,0,27,,,0,0,0,1,,
74,10/09/2023,Asia,Tokyo,U0040,Senior Consultant,36,P047,Renewable Energy,A0040,Training Material,Collaboration,comment,1,1,,,,2,0,0,2,,
75,29/04/2023,Asia,Jakarta,U0084,Senior Consultant,4,P013,Logistics,A0067,Code Snippet,Collaboration,comment,0,1,,,,14,0,0,2,,
76,28/07/2022,North America,Austin,U0051,Knowledge Champion,11,P025,Renewable Energy,A0039,Client Deliverable,Collaboration,comment,0,1,,,,0,0,0,2,,
77,06/02/2023,North America,Vancouver,U0028,Consultant,19,P041,Smart Manufacturing,A0028,Framework,Collaboration,view,1,1,14,,,0,0,0,1,,
78,13/06/2024,North America,Toronto,U0057,Consultant,36,P033,Logistics,A0162,Template,Centralisation,view,0,1,13,,,26,1,0,1,,
79,12/01/2022,Asia,Tokyo,U0063,Consultant,17,P059,Logistics,A0219,Best Practice,Personalisation,view,0,1,20,,,0,0,0,1,,
80,14/04/2023,North America,Vancouver,U0059,Senior Consultant,41,P044,Smart Manufacturing,A0047,Training Material,Personalisation,view,0,1,15,,,1,0,0,1,,
81,20/07/2022,Asia,Bangalore,U0108,Consultant,3,P016,Logistics,A0201,Code Snippet,Collaboration,view,0,1,25,,,0,0,0,1,,
82,15/09/2024,North America,New York,U0117,Senior Consultant,26,P002,Renewable Energy,A0160,Code Snippet,Personalisation,tag_fix,0,1,,,70,22,1,0,4,,
83,03/11/2023,Asia,Singapore,U0003,Consultant,10,P025,Renewable Energy,A0213,Training Material,Collaboration,view,0,1,8,,,5,0,0,1,,
84,26/11/2022,North America,Toronto,U0052,Senior Consultant,16,P034,Logistics,A0090,Best Practice,Personalisation,upload,0,1,,0,56,2,0,0,8,,
85,28/01/2024,Europe,London,U0134,Junior Consultant,21,P022,Logistics,A0106,Training Material,Personalisation,validate,0,0,,,93,10,0,0,5,,
86,08/09/2022,South America,Buenos Aires,U0092,Senior Consultant,22,P041,Smart Manufacturing,A0015,Client Deliverable,Centralisation,view,1,1,14,,,0,0,0,1,,
87,11/05/2024,Europe,London,U0091,Junior Consultant,43,P038,Renewable Energy,A0068,Template,Centralisation,upload,0,1,,0,60,20,1,0,8,,
88,13/03/2024,Asia,Bangalore,U0119,Consultant,14,P014,Smart Manufacturing,A0043,Code Snippet,Collaboration,upload,0,1,,0,70,0,0,0,8,,
89,08/04/2023,Europe,Copenhagen,U0038,Junior Consultant,7,P023,Renewable Energy,A0171,Framework,Collaboration,view,0,1,13,,,0,0,0,1,,
90,26/08/2023,Asia,Jakarta,U0033,Consultant,13,P050,Renewable Energy,A0214,Framework,Collaboration,view,0,1,10,,,0,0,0,1,,
91,04/06/2023,Europe,Copenhagen,U0110,Junior Consultant,4,P044,Smart Manufacturing,A0048,Framework,Collaboration,view,1,1,9,,,0,0,0,1,,
92,11/09/2023,North America,New York,U0083,Junior Consultant,17,P031,Logistics,A0125,Framework,Personalisation,view,0,1,10,,,0,0,0,1,,
93,13/09/2023,North America,Toronto,U0099,Manager,23,P004,Logistics,A0022,Training Material,Collaboration,validate,0,1,,,80,6,0,0,5,,
94,31/01/2022,Asia,Singapore,U0003,Consultant,10,P014,Smart Manufacturing,A0019,Training Material,Centralisation,view,0,1,26,,,0,0,0,1,,
95,24/04/2023,Europe,Berlin,U0048,Consultant,34,P050,Renewable Energy,A0116,Code Snippet,Centralisation,view,0,1,16,,,0,0,0,1,,
96,10/12/2022,North America,Toronto,U0024,Junior Consultant,4,P043,Logistics,A0141,Template,Collaboration,validate,0,1,,,48,0,0,0,5,,
97,13/03/2023,Europe,London,U0136,Consultant,12,P006,Logistics,A0190,Template,Collaboration,tag_fix,0,1,,,34,9,0,0,4,,
98,31/08/2022,Asia,Tokyo,U0068,Junior Consultant,26,P027,Renewable Energy,A0060,Best Practice,Personalisation,validate,0,1,,,36,0,0,0,5,,
99,18/09/2024,North America,Austin,U0120,Senior Consultant,22,P058,Logistics,A0037,Framework,Centralisation,view,0,1,18,,,11,0,0,1,,
100,14/01/2022,North America,Toronto,U0042,Junior Consultant,25,P054,Logistics,A0083,Template,Personalisation,view,0,1,20,,,0,0,0,1,,
101,07/02/2024,Europe,Copenhagen,U0110,Junior Consultant,4,P027,Renewable Energy,A0174,Code Snippet,Personalisation,upload,1,1,,0,62,20,1,0,8,,
102,08/11/2023,Europe,Berlin,U0025,Knowledge Champion,20,P033,Logistics,A0124,Code Snippet,Collaboration,view,0,1,17,,,0,0,0,1,,
103,17/09/2022,Europe,Copenhagen,U0087,Consultant,5,P007,Smart Manufacturing,A0169,Framework,Personalisation,view,0,1,22,,,0,0,0,1,,
104,08/03/2023,Europe,Berlin,U0073,Junior Consultant,12,P028,Logistics,A0088,Client Deliverable,Personalisation,view,1,1,8,,,11,0,0,1,,
105,08/10/2024,Asia,Jakarta,U0104,Senior Consultant,14,P022,Logistics,A0129,Best Practice,Collaboration,comment,1,1,,,,4,0,0,2,,
106,05/10/2024,North America,Vancouver,U0031,Senior Consultant,16,P022,Logistics,A0050,Best Practice,Centralisation,view,0,1,18,,,10,0,0,1,,
107,24/03/2022,South America,São Paulo,U0103,Consultant,4,P047,Renewable Energy,A0142,Template,Personalisation,tag_fix,0,1,,,57,0,0,0,4,,
108,08/09/2023,North America,Vancouver,U0028,Consultant,19,P001,Smart Manufacturing,A0012,Training Material,Collaboration,view,0,1,23,,,2,0,0,1,,
109,22/10/2024,North America,New York,U0140,Senior Consultant,33,P040,Smart Manufacturing,A0097,Template,Personalisation,view,0,1,3,,,4,0,0,1,,
110,19/06/2022,Europe,Berlin,U0055,Consultant,21,P003,Renewable Energy,A0171,Framework,Personalisation,view,0,1,25,,,0,0,0,1,,
111,17/03/2022,Asia,Bangalore,U0108,Consultant,3,P050,Renewable Energy,A0026,Best Practice,Collaboration,comment,0,1,,,,0,0,0,2,,
112,26/09/2023,Asia,Jakarta,U0067,Manager,16,P056,Renewable Energy,A0078,Code Snippet,Centralisation,view,0,1,17,,,0,0,0,1,,
113,22/04/2022,Southeast Asia,Ho Chi Minh City,U0128,Consultant,8,P037,Logistics,A0134,Client Deliverable,Centralisation,upload,0,1,,0,54,0,0,0,8,,
114,03/07/2024,Europe,Copenhagen,U0018,Consultant,23,P001,Smart Manufacturing,A0175,Framework,Personalisation,view,0,0,22,,,19,1,0,1,,
115,31/08/2024,Asia,Jakarta,U0106,Senior Consultant,20,P036,Renewable Energy,A0027,Best Practice,Personalisation,upload,0,1,,0,79,9,0,1,8,,
116,07/09/2022,Europe,Madrid,U0023,Manager,5,P014,Smart Manufacturing,A0032,Training Material,Centralisation,upload,0,1,,1,55,0,0,0,8,,
117,19/01/2023,Europe,Berlin,U0013,Junior Consultant,16,P024,Renewable Energy,A0199,Client Deliverable,Collaboration,validate,0,1,,,38,0,0,0,5,,
118,22/06/2022,Europe,Copenhagen,U0076,Consultant,6,P041,Smart Manufacturing,A0143,Client Deliverable,Personalisation,view,0,0,29,,,0,0,0,1,,
119,18/04/2022,Asia,Bangalore,U0009,Consultant,23,P001,Smart Manufacturing,A0016,Framework,Collaboration,upload,0,1,,1,51,0,0,0,8,,
120,06/12/2022,North America,Toronto,U0125,Consultant,41,P039,Renewable Energy,A0016,Framework,Collaboration,view,0,1,21,,,0,0,0,1,,
121,07/12/2022,Europe,Copenhagen,U0038,Junior Consultant,7,P052,Logistics,A0030,Best Practice,Personalisation,view,0,1,23,,,1,0,0,1,,
122,29/02/2024,Europe,London,U0116,Consultant,20,P018,Logistics,A0201,Code Snippet,Centralisation,validate,0,1,,,82,20,1,0,5,,
123,12/11/2023,North America,Vancouver,U0004,Consultant,17,P054,Logistics,A0039,Client Deliverable,Centralisation,view,0,1,13,,,0,0,0,1,,
124,11/02/2024,North America,Toronto,U0100,Consultant,12,P044,Smart Manufacturing,A0097,Template,Collaboration,view,1,1,12,,,0,0,0,1,,
125,04/01/2022,North America,New York,U0083,Junior Consultant,17,P017,Renewable Energy,A0069,Framework,Personalisation,view,0,1,28,,,0,0,0,1,,
126,28/03/2022,Europe,Copenhagen,U0074,Consultant,19,P054,Logistics,A0037,Framework,Collaboration,validate,0,1,,,52,0,0,0,5,,
127,15/07/2023,Southeast Asia,Ho Chi Minh City,U0128,Consultant,8,P023,Renewable Energy,A0137,Framework,Personalisation,upload,1,1,,0,68,0,0,0,8,,
128,25/04/2023,North America,Austin,U0080,Senior Consultant,12,P039,Renewable Energy,A0015,Client Deliverable,Personalisation,view,1,1,4,,,0,0,0,1,,
129,20/01/2022,North America,Toronto,U0099,Manager,23,P030,Renewable Energy,A0139,Training Material,Collaboration,upload,0,1,,1,70,0,0,0,8,,
130,16/06/2023,Europe,London,U0134,Junior Consultant,21,P021,Renewable Energy,A0123,Framework,Centralisation,view,1,1,5,,,4,0,0,1,,
131,17/08/2023,Europe,Berlin,U0093,Knowledge Champion,31,P037,Logistics,A0145,Training Material,Collaboration,view,1,1,10,,,6,0,0,1,,
132,07/10/2024,Europe,Madrid,U0096,Consultant,16,P056,Renewable Energy,A0028,Framework,Personalisation,view,1,1,14,,,2,0,0,1,,
133,04/03/2022,North America,Toronto,U0089,Manager,9,P018,Logistics,A0133,Client Deliverable,Centralisation,view,0,1,26,,,0,0,0,1,,
134,22/09/2024,Europe,Berlin,U0055,Consultant,21,P017,Renewable Energy,A0200,Template,Centralisation,view,0,1,17,,,3,0,0,1,,
135,26/09/2022,Asia,Tokyo,U0066,Senior Consultant,9,P054,Logistics,A0010,Client Deliverable,Collaboration,view,1,1,20,,,0,0,0,1,,
136,13/03/2022,Asia,Jakarta,U0095,Knowledge Champion,10,P056,Renewable Energy,A0181,Template,Collaboration,view,1,1,20,,,0,0,0,1,,
137,24/03/2024,North America,Vancouver,U0031,Senior Consultant,16,P046,Logistics,A0024,Client Deliverable,Personalisation,view,0,1,8,,,0,0,0,1,,
138,03/11/2024,Southeast Asia,Manila,U0101,Senior Consultant,21,P012,Smart Manufacturing,A0115,Template,Centralisation,tag_fix,0,0,,,98,0,0,0,4,,
139,19/12/2022,North America,Vancouver,U0010,Junior Consultant,18,P017,Renewable Energy,A0091,Client Deliverable,Personalisation,upload,0,1,,0,53,0,0,0,8,,
140,17/11/2024,Asia,Jakarta,U0124,Junior Consultant,19,P004,Logistics,A0026,Best Practice,Collaboration,upload,0,0,,0,77,4,0,0,8,,
141,04/08/2022,North America,Toronto,U0121,Consultant,12,P021,Renewable Energy,A0096,Training Material,Centralisation,view,0,1,23,,,0,0,0,1,,
142,04/05/2023,North America,Toronto,U0037,Junior Consultant,14,P059,Logistics,A0174,Code Snippet,Personalisation,tag_fix,0,1,,,30,10,0,0,4,,
143,15/03/2022,Europe,Madrid,U0041,Junior Consultant,20,P060,Smart Manufacturing,A0214,Framework,Collaboration,view,0,1,16,,,0,0,0,1,,
144,14/10/2022,South America,São Paulo,U0115,Senior Consultant,6,P007,Smart Manufacturing,A0099,Best Practice,Personalisation,tag_fix,0,1,,,51,2,0,0,4,,
145,27/11/2023,North America,New York,U0083,Junior Consultant,17,P053,Renewable Energy,A0060,Best Practice,Personalisation,view,1,1,2,,,4,0,0,1,,
146,27/04/2022,North America,New York,U0047,Manager,14,P046,Logistics,A0116,Code Snippet,Centralisation,view,0,1,21,,,0,0,0,1,,
147,23/04/2024,Southeast Asia,Manila,U0064,Junior Consultant,13,P010,Smart Manufacturing,A0007,Template,Collaboration,view,1,1,7,,,0,0,0,1,,
148,02/10/2024,North America,Vancouver,U0028,Consultant,19,P021,Renewable Energy,A0117,Code Snippet,Centralisation,comment,1,0,,,,16,0,0,2,,
149,09/03/2023,Asia,Tokyo,U0123,Senior Consultant,17,P054,Logistics,A0074,Client Deliverable,Collaboration,upload,0,0,,0,38,9,0,0,8,,
150,03/05/2023,Europe,Berlin,U0025,Knowledge Champion,20,P025,Renewable Energy,A0075,Training Material,Centralisation,view,0,1,10,,,0,0,0,1,,
151,23/10/2022,Europe,Madrid,U0005,Junior Consultant,29,P029,Logistics,A0207,Framework,Personalisation,view,0,1,26,,,0,0,0,1,,
152,14/12/2024,Europe,Copenhagen,U0074,Consultant,19,P012,Smart Manufacturing,A0093,Template,Collaboration,view,0,1,12,,,15,0,0,1,,
153,10/10/2022,North America,New York,U0047,Manager,14,P034,Logistics,A0198,Client Deliverable,Centralisation,view,0,1,22,,,0,0,0,1,,
154,11/10/2024,Asia,Jakarta,U0071,Consultant,11,P012,Smart Manufacturing,A0053,Code Snippet,Collaboration,upload,1,1,,0,84,14,0,1,8,,
155,30/11/2024,North America,Toronto,U0105,Senior Consultant,31,P054,Logistics,A0185,Code Snippet,Personalisation,comment,1,1,,,,12,0,0,2,,
156,06/10/2024,North America,Toronto,U0024,Junior Consultant,4,P001,Smart Manufacturing,A0105,Template,Personalisation,comment,1,1,,,,15,0,0,2,,
157,17/01/2023,Asia,Singapore,U0094,Senior Consultant,8,P003,Renewable Energy,A0042,Framework,Personalisation,view,1,1,13,,,11,0,0,1,,
158,01/07/2024,North America,Vancouver,U0133,Knowledge Champion,12,P005,Logistics,A0031,Training Material,Centralisation,view,0,1,8,,,17,0,0,1,,
159,21/02/2024,Asia,Singapore,U0016,Junior Consultant,13,P019,Logistics,A0028,Framework,Personalisation,comment,0,1,,,,0,0,0,2,,
160,03/10/2022,Europe,Copenhagen,U0006,Senior Consultant,24,P016,Logistics,A0023,Best Practice,Centralisation,view,0,1,33,,,0,0,0,1,,
161,03/03/2022,Europe,Madrid,U0005,Junior Consultant,29,P007,Smart Manufacturing,A0179,Training Material,Centralisation,validate,0,1,,,65,0,0,0,5,,
162,08/08/2024,Europe,London,U0134,Junior Consultant,21,P016,Logistics,A0180,Template,Centralisation,view,1,1,10,,,0,0,0,1,,
163,14/07/2023,North America,Vancouver,U0032,Senior Consultant,32,P030,Renewable Energy,A0127,Code Snippet,Collaboration,view,1,1,12,,,1,0,0,1,,
164,08/10/2022,Europe,Madrid,U0139,Senior Consultant,17,P038,Renewable Energy,A0059,Best Practice,Centralisation,tag_fix,0,1,,,91,3,0,0,4,,
165,23/03/2024,Southeast Asia,Manila,U0043,Senior Consultant,15,P053,Renewable Energy,A0005,Best Practice,Centralisation,comment,0,1,,,,15,0,0,2,,
166,12/12/2024,North America,Vancouver,U0010,Junior Consultant,18,P026,Smart Manufacturing,A0014,Training Material,Centralisation,validate,0,1,,,76,19,1,0,5,,
167,19/10/2023,South America,São Paulo,U0103,Consultant,4,P055,Renewable Energy,A0144,Best Practice,Personalisation,upload,0,1,,0,56,0,0,0,8,,
168,24/01/2022,Asia,Singapore,U0094,Senior Consultant,8,P007,Smart Manufacturing,A0136,Best Practice,Centralisation,view,0,1,20,,,0,0,0,1,,
169,07/04/2023,Southeast Asia,Manila,U0036,Senior Consultant,9,P027,Renewable Energy,A0102,Code Snippet,Collaboration,validate,0,1,,,31,0,0,0,5,,
170,24/03/2022,Asia,Bangalore,U0009,Consultant,23,P056,Renewable Energy,A0165,Code Snippet,Collaboration,view,0,1,24,,,0,0,0,1,,
171,15/03/2022,Europe,Berlin,U0026,Manager,12,P017,Renewable Energy,A0032,Training Material,Personalisation,view,0,0,31,,,0,0,0,1,,
172,18/09/2023,North America,Toronto,U0089,Manager,9,P042,Logistics,A0043,Code Snippet,Personalisation,upload,0,0,,0,62,0,0,0,8,,
173,29/12/2024,Europe,Copenhagen,U0038,Junior Consultant,7,P029,Logistics,A0032,Training Material,Collaboration,view,0,1,8,,,19,1,0,1,,
174,16/07/2023,Asia,Tokyo,U0063,Consultant,17,P048,Logistics,A0023,Best Practice,Centralisation,validate,0,1,,,78,0,0,0,5,,
175,30/03/2023,North America,Toronto,U0099,Manager,23,P013,Logistics,A0141,Template,Personalisation,view,0,1,17,,,0,0,0,1,,
176,18/08/2024,North America,Austin,U0080,Senior Consultant,12,P002,Renewable Energy,A0063,Best Practice,Centralisation,view,0,1,15,,,4,0,0,1,,
177,22/03/2024,North America,Vancouver,U0004,Consultant,17,P060,Smart Manufacturing,A0091,Client Deliverable,Collaboration,upload,0,1,,0,82,11,0,0,8,,
178,19/03/2023,Europe,Copenhagen,U0076,Consultant,6,P004,Logistics,A0198,Client Deliverable,Personalisation,upload,0,1,,0,59,0,0,0,8,,
179,19/06/2024,Europe,London,U0091,Junior Consultant,43,P048,Logistics,A0196,Template,Centralisation,upload,0,0,,0,71,15,0,1,8,,
180,23/12/2023,Southeast Asia,Manila,U0036,Senior Consultant,9,P044,Smart Manufacturing,A0052,Client Deliverable,Collaboration,view,0,1,13,,,0,0,0,1,,
181,31/08/2024,North America,Toronto,U0069,Manager,28,P051,Smart Manufacturing,A0162,Template,Collaboration,view,0,1,15,,,28,1,0,1,,
182,09/01/2022,Asia,Jakarta,U0106,Senior Consultant,20,P050,Renewable Energy,A0141,Template,Personalisation,view,0,0,31,,,0,0,0,1,,
183,05/05/2024,Southeast Asia,Ho Chi Minh City,U0072,Senior Consultant,13,P056,Renewable Energy,A0160,Code Snippet,Centralisation,view,1,1,3,,,18,1,0,1,,
184,24/12/2023,North America,Toronto,U0075,Senior Consultant,18,P023,Renewable Energy,A0101,Framework,Personalisation,view,1,1,11,,,3,0,0,1,,
185,20/10/2024,Southeast Asia,Manila,U0098,Consultant,28,P029,Logistics,A0077,Code Snippet,Centralisation,view,0,0,19,,,2,0,0,1,,
186,21/04/2023,Europe,Madrid,U0023,Manager,5,P053,Renewable Energy,A0085,Best Practice,Collaboration,view,0,1,14,,,8,0,0,1,,
187,23/02/2023,Europe,Copenhagen,U0110,Junior Consultant,4,P058,Logistics,A0003,Training Material,Centralisation,upload,0,1,,0,30,10,0,1,8,,
188,14/06/2024,North America,Vancouver,U0133,Knowledge Champion,12,P053,Renewable Energy,A0133,Client Deliverable,Personalisation,view,1,1,8,,,27,1,0,1,,
189,21/12/2023,Europe,London,U0116,Consultant,20,P001,Smart Manufacturing,A0174,Code Snippet,Centralisation,upload,0,1,,0,55,18,1,0,8,,
190,12/11/2022,Europe,Copenhagen,U0049,Consultant,23,P027,Renewable Energy,A0125,Framework,Collaboration,view,0,1,22,,,0,0,0,1,,
191,21/12/2024,North America,Toronto,U0024,Junior Consultant,4,P011,Renewable Energy,A0093,Template,Collaboration,view,0,1,7,,,15,0,0,1,,
192,15/08/2022,Europe,Copenhagen,U0076,Consultant,6,P045,Logistics,A0088,Client Deliverable,Collaboration,validate,0,1,,,79,4,0,0,5,,
193,11/05/2024,Europe,Madrid,U0041,Junior Consultant,20,P034,Logistics,A0075,Training Material,Centralisation,validate,0,1,,,74,2,0,0,5,,
194,04/05/2022,North America,Vancouver,U0028,Consultant,19,P023,Renewable Energy,A0146,Best Practice,Personalisation,comment,0,1,,,,0,0,0,2,,
195,06/01/2022,Asia,Bangalore,U0079,Consultant,7,P046,Logistics,A0177,Training Material,Collaboration,view,1,1,15,,,0,0,0,1,,
196,01/02/2022,Europe,Copenhagen,U0008,Consultant,14,P013,Logistics,A0045,Best Practice,Personalisation,view,0,1,21,,,0,0,0,1,,
197,24/12/2024,Europe,Copenhagen,U0132,Consultant,15,P010,Smart Manufacturing,A0148,Framework,Personalisation,view,0,1,8,,,20,1,0,1,,
198,09/11/2024,North America,Vancouver,U0028,Consultant,19,P002,Renewable Energy,A0026,Best Practice,Collaboration,upload,0,1,,0,78,3,0,0,8,,
199,26/01/2022,North America,New York,U0083,Junior Consultant,17,P010,Smart Manufacturing,A0184,Code Snippet,Centralisation,view,0,1,22,,,0,0,0,1,,
200,10/05/2022,Asia,Jakarta,U0090,Junior Consultant,21,P013,Logistics,A0116,Code Snippet,Centralisation,view,0,1,19,,,0,0,0,1,,
201,31/03/2022,North America,Toronto,U0113,Senior Consultant,18,P004,Logistics,A0159,Training Material,Centralisation,view,0,1,22,,,0,0,0,1,,
202,22/12/2022,Asia,Bangalore,U0081,Manager,14,P001,Smart Manufacturing,A0209,Code Snippet,Personalisation,view,0,1,28,,,0,0,0,1,,
203,19/05/2022,Asia,Tokyo,U0063,Consultant,17,P044,Smart Manufacturing,A0100,Client Deliverable,Personalisation,view,0,1,27,,,0,0,0,1,,
204,19/09/2024,Europe,Copenhagen,U0006,Senior Consultant,24,P051,Smart Manufacturing,A0063,Best Practice,Centralisation,upload,1,1,,0,79,5,0,0,8,,
205,14/01/2024,Europe,Copenhagen,U0030,Knowledge Champion,22,P022,Logistics,A0137,Framework,Centralisation,tag_fix,0,1,,,78,0,0,0,4,,
206,14/05/2024,Asia,Jakarta,U0090,Junior Consultant,21,P036,Renewable Energy,A0063,Best Practice,Personalisation,view,1,1,6,,,1,0,0,1,,
207,26/07/2023,North America,Toronto,U0007,Consultant,22,P022,Logistics,A0207,Framework,Collaboration,upload,0,1,,0,41,5,0,0,8,,
208,26/06/2024,North America,Austin,U0120,Senior Consultant,22,P054,Logistics,A0204,Client Deliverable,Centralisation,validate,0,1,,,61,16,0,0,5,,
209,11/02/2024,Asia,Bangalore,U0054,Consultant,12,P020,Renewable Energy,A0122,Template,Centralisation,view,1,1,10,,,24,1,0,1,,
210,19/06/2023,North America,Toronto,U0113,Senior Consultant,18,P038,Renewable Energy,A0095,Training Material,Personalisation,view,1,1,13,,,0,0,0,1,,
211,09/09/2022,Europe,Copenhagen,U0132,Consultant,15,P006,Logistics,A0139,Training Material,Collaboration,tag_fix,0,1,,,65,7,0,0,4,,
212,28/02/2022,Europe,Copenhagen,U0038,Junior Consultant,7,P020,Renewable Energy,A0004,Training Material,Centralisation,view,0,1,23,,,0,0,0,1,,
213,20/10/2023,Europe,Copenhagen,U0049,Consultant,23,P043,Logistics,A0028,Framework,Collaboration,upload,0,1,,0,80,0,0,0,8,,
214,30/06/2022,Europe,London,U0058,Junior Consultant,18,P019,Logistics,A0033,Training Material,Centralisation,validate,0,1,,,34,0,0,0,5,,
215,09/08/2024,Europe,Madrid,U0034,Senior Consultant,4,P060,Smart Manufacturing,A0071,Client Deliverable,Centralisation,upload,0,1,,0,75,0,0,1,8,,
216,05/08/2024,Southeast Asia,Manila,U0064,Junior Consultant,13,P055,Renewable Energy,A0103,Framework,Personalisation,view,1,0,20,,,18,1,0,1,,
217,25/03/2023,Europe,London,U0011,Consultant,40,P026,Smart Manufacturing,A0011,Template,Personalisation,view,1,1,8,,,0,0,0,1,,
218,22/03/2022,North America,Austin,U0080,Senior Consultant,12,P041,Smart Manufacturing,A0164,Client Deliverable,Personalisation,comment,0,1,,,,1,0,0,2,,
219,02/12/2024,Asia,Tokyo,U0066,Senior Consultant,9,P060,Smart Manufacturing,A0112,Template,Personalisation,view,1,0,21,,,13,0,0,1,,
220,10/08/2023,Europe,London,U0011,Consultant,40,P057,Smart Manufacturing,A0219,Best Practice,Collaboration,view,0,0,22,,,15,0,0,1,,
221,18/03/2022,Asia,Jakarta,U0082,Consultant,10,P014,Smart Manufacturing,A0199,Client Deliverable,Collaboration,comment,0,1,,,,0,0,0,2,,
222,17/03/2024,North America,Toronto,U0057,Consultant,36,P018,Logistics,A0135,Framework,Collaboration,upload,0,1,,0,73,0,0,0,8,,
223,16/07/2024,Asia,Bangalore,U0131,Manager,25,P004,Logistics,A0174,Code Snippet,Personalisation,view,0,1,5,,,25,1,0,1,,
224,19/09/2022,Asia,Singapore,U0126,Consultant,15,P049,Logistics,A0049,Training Material,Collaboration,upload,0,1,,0,73,0,0,0,8,,
225,29/04/2023,North America,New York,U0140,Senior Consultant,33,P017,Renewable Energy,A0064,Framework,Centralisation,comment,1,1,,,,0,0,0,2,,
226,29/09/2023,Southeast Asia,Manila,U0036,Senior Consultant,9,P009,Smart Manufacturing,A0176,Client Deliverable,Collaboration,view,1,0,20,,,0,0,0,1,,
227,21/11/2024,North America,Vancouver,U0114,Consultant,6,P009,Smart Manufacturing,A0165,Code Snippet,Centralisation,view,1,1,1,,,25,1,0,1,,
228,09/05/2023,North America,New York,U0086,Junior Consultant,41,P041,Smart Manufacturing,A0209,Code Snippet,Personalisation,upload,0,0,,1,56,0,0,0,8,,
229,11/04/2024,Europe,Berlin,U0053,Consultant,13,P008,Renewable Energy,A0177,Training Material,Centralisation,view,1,1,11,,,14,0,0,1,,
230,30/07/2023,North America,Vancouver,U0078,Junior Consultant,22,P013,Logistics,A0029,Training Material,Personalisation,view,1,1,9,,,0,0,0,1,,
231,17/08/2024,Europe,Berlin,U0093,Knowledge Champion,31,P019,Logistics,A0044,Code Snippet,Centralisation,view,0,1,9,,,5,0,0,1,,
232,21/09/2024,South America,São Paulo,U0022,Consultant,15,P048,Logistics,A0184,Code Snippet,Collaboration,view,0,0,20,,,7,0,0,1,,
233,08/06/2024,Asia,Singapore,U0126,Consultant,15,P013,Logistics,A0201,Code Snippet,Centralisation,view,0,1,17,,,23,1,0,1,,
234,30/05/2023,Asia,Tokyo,U0063,Consultant,17,P006,Logistics,A0036,Framework,Centralisation,validate,0,1,,,58,10,0,0,5,,
235,25/10/2022,Europe,Copenhagen,U0076,Consultant,6,P024,Renewable Energy,A0048,Framework,Personalisation,comment,0,1,,,,0,0,0,2,,
236,29/07/2022,North America,Austin,U0080,Senior Consultant,12,P048,Logistics,A0158,Code Snippet,Centralisation,view,0,1,27,,,0,0,0,1,,
237,25/01/2024,Europe,Berlin,U0035,Consultant,13,P036,Renewable Energy,A0095,Training Material,Centralisation,tag_fix,0,1,,,99,7,0,0,4,,
238,05/04/2024,Europe,Berlin,U0013,Junior Consultant,16,P014,Smart Manufacturing,A0127,Code Snippet,Collaboration,view,0,0,20,,,9,0,0,1,,
239,14/06/2022,North America,Toronto,U0037,Junior Consultant,14,P045,Logistics,A0059,Best Practice,Personalisation,upload,0,0,,1,62,0,0,1,8,,
240,19/06/2024,Asia,Tokyo,U0123,Senior Consultant,17,P013,Logistics,A0056,Code Snippet,Centralisation,view,0,1,12,,,0,0,0,1,,
241,13/11/2024,Europe,London,U0109,Consultant,47,P010,Smart Manufacturing,A0073,Client Deliverable,Centralisation,upload,0,1,,1,69,34,1,1,8,,
242,28/12/2022,Southeast Asia,Manila,U0043,Senior Consultant,15,P025,Renewable Energy,A0076,Training Material,Collaboration,upload,0,1,,0,65,0,0,0,8,,
243,25/10/2023,North America,Vancouver,U0133,Knowledge Champion,12,P030,Renewable Energy,A0110,Training Material,Collaboration,comment,0,1,,,,0,0,0,2,,
244,16/06/2022,Asia,Singapore,U0016,Junior Consultant,13,P047,Renewable Energy,A0174,Code Snippet,Collaboration,view,0,1,21,,,0,0,0,1,,
245,25/01/2024,Asia,Jakarta,U0124,Junior Consultant,19,P043,Logistics,A0166,Template,Collaboration,upload,0,1,,0,65,0,0,0,8,,
246,05/07/2024,South America,São Paulo,U0022,Consultant,15,P010,Smart Manufacturing,A0170,Template,Personalisation,view,1,1,9,,,3,0,0,1,,
247,08/05/2023,North America,Toronto,U0113,Senior Consultant,18,P026,Smart Manufacturing,A0067,Code Snippet,Centralisation,upload,0,1,,1,75,14,0,0,8,,
248,04/06/2023,Europe,Berlin,U0025,Knowledge Champion,20,P013,Logistics,A0136,Best Practice,Collaboration,view,0,1,20,,,0,0,0,1,,
249,20/08/2022,Europe,Copenhagen,U0132,Consultant,15,P059,Logistics,A0151,Client Deliverable,Collaboration,view,0,1,26,,,0,0,0,1,,
250,03/10/2022,Europe,Madrid,U0129,Consultant,17,P036,Renewable Energy,A0130,Code Snippet,Collaboration,view,0,1,25,,,0,0,0,1,,
251,21/11/2024,North America,Austin,U0027,Consultant,18,P030,Renewable Energy,A0213,Training Material,Personalisation,view,1,0,11,,,18,1,0,1,,
252,31/08/2024,North America,Toronto,U0024,Junior Consultant,4,P009,Smart Manufacturing,A0096,Training Material,Centralisation,validate,0,1,,,77,0,0,0,5,,
253,13/03/2023,North America,Austin,U0118,Junior Consultant,8,P020,Renewable Energy,A0031,Training Material,Personalisation,view,0,1,13,,,1,0,0,1,,
254,17/02/2023,Europe,Copenhagen,U0030,Knowledge Champion,22,P059,Logistics,A0187,Framework,Centralisation,tag_fix,0,1,,,33,2,0,0,4,,
255,01/12/2023,Asia,Singapore,U0003,Consultant,10,P053,Renewable Energy,A0066,Training Material,Centralisation,upload,0,1,,0,67,2,0,1,8,,
256,25/12/2023,Europe,Berlin,U0026,Manager,12,P023,Renewable Energy,A0141,Template,Personalisation,view,0,1,15,,,0,0,0,1,,
257,12/05/2023,Asia,Tokyo,U0066,Senior Consultant,9,P023,Renewable Energy,A0050,Best Practice,Centralisation,view,0,0,20,,,0,0,0,1,,
258,12/02/2022,North America,Toronto,U0125,Consultant,41,P008,Renewable Energy,A0019,Training Material,Centralisation,validate,0,1,,,36,0,0,0,5,,
259,17/08/2023,Southeast Asia,Manila,U0098,Consultant,28,P054,Logistics,A0037,Framework,Centralisation,view,0,1,17,,,0,0,0,1,,
260,05/07/2023,North America,Vancouver,U0114,Consultant,6,P001,Smart Manufacturing,A0007,Template,Centralisation,view,0,1,20,,,0,0,0,1,,
261,14/03/2022,Europe,Copenhagen,U0020,Consultant,36,P012,Smart Manufacturing,A0159,Training Material,Collaboration,validate,0,1,,,49,0,0,0,5,,
262,01/09/2024,Europe,Madrid,U0041,Junior Consultant,20,P045,Logistics,A0217,Code Snippet,Centralisation,view,0,0,13,,,30,1,0,1,,
263,10/01/2024,Asia,Tokyo,U0085,Senior Consultant,30,P034,Logistics,A0056,Code Snippet,Centralisation,view,1,1,8,,,0,0,0,1,,
264,10/01/2024,North America,Austin,U0120,Senior Consultant,22,P022,Logistics,A0148,Framework,Collaboration,view,1,1,8,,,8,0,0,1,,
265,17/09/2024,North America,New York,U0086,Junior Consultant,41,P015,Renewable Energy,A0006,Code Snippet,Collaboration,view,0,1,14,,,0,0,0,1,,
266,22/10/2022,Asia,Tokyo,U0070,Senior Consultant,20,P025,Renewable Energy,A0070,Template,Collaboration,upload,0,1,,0,47,0,0,0,8,,
267,12/10/2022,Asia,Bangalore,U0009,Consultant,23,P059,Logistics,A0144,Best Practice,Centralisation,comment,0,1,,,,0,0,0,2,,
268,22/07/2022,Europe,Berlin,U0093,Knowledge Champion,31,P051,Smart Manufacturing,A0073,Client Deliverable,Centralisation,validate,0,1,,,52,6,0,0,5,,
269,17/10/2022,Europe,Berlin,U0019,Junior Consultant,7,P020,Renewable Energy,A0196,Template,Centralisation,view,0,1,21,,,0,0,0,1,,
270,11/04/2024,North America,New York,U0086,Junior Consultant,41,P004,Logistics,A0181,Template,Centralisation,view,0,0,13,,,25,1,0,1,,
271,23/01/2024,Asia,Tokyo,U0063,Consultant,17,P052,Logistics,A0061,Framework,Centralisation,comment,0,1,,,,8,0,0,2,,
272,17/07/2024,Asia,Jakarta,U0104,Senior Consultant,14,P029,Logistics,A0102,Code Snippet,Centralisation,view,1,1,9,,,0,0,0,1,,
273,10/09/2023,Asia,Bangalore,U0079,Consultant,7,P017,Renewable Energy,A0187,Framework,Collaboration,view,1,0,21,,,9,0,0,1,,
274,25/01/2023,South America,São Paulo,U0021,Consultant,27,P038,Renewable Energy,A0046,Framework,Centralisation,view,0,1,18,,,0,0,0,1,,
275,27/05/2024,Europe,Copenhagen,U0018,Consultant,23,P054,Logistics,A0125,Framework,Centralisation,view,0,1,10,,,0,0,0,1,,
276,04/12/2022,North America,Toronto,U0069,Manager,28,P016,Logistics,A0181,Template,Centralisation,upload,0,1,,0,51,9,0,0,8,,
277,24/10/2024,Europe,Berlin,U0026,Manager,12,P013,Logistics,A0062,Training Material,Collaboration,validate,0,1,,,90,8,0,0,5,,
278,30/11/2023,Europe,Berlin,U0035,Consultant,13,P001,Smart Manufacturing,A0049,Training Material,Personalisation,view,1,1,9,,,4,0,0,1,,
279,26/02/2022,Europe,Berlin,U0055,Consultant,21,P021,Renewable Energy,A0084,Framework,Centralisation,tag_fix,0,1,,,57,0,0,0,4,,
280,23/11/2023,Asia,Tokyo,U0045,Manager,21,P004,Logistics,A0107,Framework,Centralisation,validate,0,1,,,48,22,1,0,5,,
281,29/03/2024,Asia,Tokyo,U0066,Senior Consultant,9,P030,Renewable Energy,A0004,Training Material,Centralisation,upload,0,1,,0,76,18,1,0,8,,
282,06/11/2023,Europe,Madrid,U0041,Junior Consultant,20,P006,Logistics,A0005,Best Practice,Centralisation,upload,1,1,,0,67,10,0,0,8,,
283,11/11/2022,Asia,Tokyo,U0085,Senior Consultant,30,P015,Renewable Energy,A0190,Template,Collaboration,view,1,1,18,,,5,0,0,1,,
284,26/09/2023,North America,New York,U0117,Senior Consultant,26,P036,Renewable Energy,A0072,Training Material,Personalisation,view,1,1,8,,,0,0,0,1,,
285,01/09/2024,Europe,Berlin,U0026,Manager,12,P042,Logistics,A0208,Training Material,Centralisation,validate,0,0,,,62,10,0,0,5,,
286,27/02/2022,Europe,Berlin,U0035,Consultant,13,P008,Renewable Energy,A0016,Framework,Centralisation,view,0,1,18,,,0,0,0,1,,
287,19/01/2024,South America,Buenos Aires,U0039,Manager,18,P058,Logistics,A0046,Framework,Collaboration,tag_fix,0,1,,,63,0,0,0,4,,
288,20/12/2023,Asia,Tokyo,U0063,Consultant,17,P029,Logistics,A0128,Framework,Collaboration,view,0,1,6,,,8,0,0,1,,
289,11/03/2023,North America,New York,U0083,Junior Consultant,17,P051,Smart Manufacturing,A0007,Template,Collaboration,upload,0,1,,0,42,0,0,0,8,,
290,03/05/2022,North America,Vancouver,U0059,Senior Consultant,41,P037,Logistics,A0097,Template,Collaboration,view,0,0,36,,,0,0,0,1,,
291,04/04/2023,Europe,Copenhagen,U0008,Consultant,14,P017,Renewable Energy,A0006,Code Snippet,Personalisation,view,1,1,7,,,0,0,0,1,,
292,21/05/2024,Southeast Asia,Ho Chi Minh City,U0072,Senior Consultant,13,P020,Renewable Energy,A0128,Framework,Personalisation,view,0,0,13,,,13,0,0,1,,
293,02/07/2023,Europe,Berlin,U0035,Consultant,13,P053,Renewable Energy,A0077,Code Snippet,Centralisation,view,0,1,17,,,0,0,0,1,,
294,27/11/2022,Asia,Jakarta,U0082,Consultant,10,P044,Smart Manufacturing,A0157,Framework,Personalisation,view,0,1,19,,,0,0,0,1,,
295,06/03/2023,Europe,Berlin,U0093,Knowledge Champion,31,P003,Renewable Energy,A0200,Template,Personalisation,validate,0,1,,,66,0,0,0,5,,
296,14/10/2022,Europe,London,U0077,Manager,10,P044,Smart Manufacturing,A0007,Template,Centralisation,validate,0,1,,,52,0,0,0,5,,
297,01/10/2022,North America,Vancouver,U0078,Junior Consultant,22,P010,Smart Manufacturing,A0129,Best Practice,Centralisation,validate,0,1,,,46,0,0,0,5,,
298,24/03/2024,North America,Toronto,U0024,Junior Consultant,4,P027,Renewable Energy,A0087,Training Material,Collaboration,view,1,1,10,,,21,1,0,1,,
299,09/03/2022,North America,Toronto,U0061,Consultant,30,P013,Logistics,A0203,Template,Centralisation,view,0,1,27,,,0,0,0,1,,
300,31/05/2024,North America,Austin,U0027,Consultant,18,P047,Renewable Energy,A0006,Code Snippet,Collaboration,upload,1,1,,0,68,0,0,0,8,,
301,12/12/2024,Europe,Copenhagen,U0110,Junior Consultant,4,P001,Smart Manufacturing,A0046,Framework,Personalisation,view,0,1,11,,,0,0,0,1,,
302,19/08/2022,Europe,London,U0136,Consultant,12,P023,Renewable Energy,A0215,Framework,Collaboration,view,0,1,24,,,4,0,0,1,,
303,04/04/2023,Europe,Berlin,U0019,Junior Consultant,7,P018,Logistics,A0181,Template,Centralisation,upload,1,1,,0,35,13,0,0,8,,
304,13/01/2024,North America,Toronto,U0069,Manager,28,P001,Smart Manufacturing,A0084,Framework,Collaboration,view,0,1,18,,,0,0,0,1,,
305,20/04/2024,North America,Toronto,U0069,Manager,28,P026,Smart Manufacturing,A0109,Client Deliverable,Personalisation,view,1,0,18,,,7,0,0,1,,
306,29/02/2024,North America,Toronto,U0105,Senior Consultant,31,P052,Logistics,A0037,Framework,Personalisation,tag_fix,0,1,,,83,4,0,0,4,,
307,06/06/2023,North America,Vancouver,U0097,Consultant,28,P016,Logistics,A0212,Client Deliverable,Centralisation,view,0,1,16,,,0,0,0,1,,
308,12/04/2022,Asia,Jakarta,U0104,Senior Consultant,14,P045,Logistics,A0143,Client Deliverable,Personalisation,view,0,1,25,,,0,0,0,1,,
309,02/01/2022,North America,Austin,U0122,Manager,11,P048,Logistics,A0166,Template,Personalisation,tag_fix,0,1,,,51,0,0,0,4,,
310,18/02/2024,North America,Toronto,U0061,Consultant,30,P053,Renewable Energy,A0162,Template,Collaboration,validate,0,1,,,92,22,1,0,5,,
311,30/06/2023,North America,New York,U0083,Junior Consultant,17,P005,Logistics,A0161,Code Snippet,Collaboration,validate,0,1,,,59,0,0,0,5,,
312,22/06/2023,North America,Austin,U0122,Manager,11,P055,Renewable Energy,A0185,Code Snippet,Personalisation,view,0,1,15,,,0,0,0,1,,
313,15/05/2022,Europe,London,U0136,Consultant,12,P024,Renewable Energy,A0135,Framework,Centralisation,view,0,1,26,,,0,0,0,1,,
314,09/11/2022,North America,Austin,U0118,Junior Consultant,8,P012,Smart Manufacturing,A0164,Client Deliverable,Collaboration,comment,0,1,,,,8,0,0,2,,
315,22/10/2023,Southeast Asia,Manila,U0098,Consultant,28,P024,Renewable Energy,A0214,Framework,Personalisation,tag_fix,0,0,,,97,0,0,0,4,,
316,08/02/2024,North America,Austin,U0027,Consultant,18,P024,Renewable Energy,A0092,Template,Personalisation,view,0,1,10,,,23,1,0,1,,
317,18/07/2023,Southeast Asia,Manila,U0102,Consultant,18,P019,Logistics,A0115,Template,Personalisation,view,0,1,20,,,0,0,0,1,,
318,25/11/2024,South America,Buenos Aires,U0039,Manager,18,P001,Smart Manufacturing,A0175,Framework,Personalisation,upload,0,1,,0,71,24,1,0,8,,
319,02/06/2023,Europe,Madrid,U0005,Junior Consultant,29,P036,Renewable Energy,A0052,Client Deliverable,Centralisation,upload,0,1,,0,52,0,0,0,8,,
320,08/06/2023,Europe,Madrid,U0062,Senior Consultant,23,P017,Renewable Energy,A0214,Framework,Personalisation,view,1,1,11,,,0,0,0,1,,
321,20/09/2022,Europe,London,U0109,Consultant,47,P051,Smart Manufacturing,A0075,Training Material,Centralisation,view,0,1,23,,,0,0,0,1,,
322,22/01/2024,Europe,London,U0011,Consultant,40,P046,Logistics,A0193,Framework,Personalisation,view,0,1,9,,,1,0,0,1,,
323,23/12/2023,Europe,Madrid,U0062,Senior Consultant,23,P025,Renewable Energy,A0218,Code Snippet,Collaboration,view,0,1,16,,,0,0,0,1,,
324,02/02/2024,Asia,Bangalore,U0017,Consultant,5,P043,Logistics,A0053,Code Snippet,Centralisation,view,1,1,8,,,6,0,0,1,,
325,12/12/2024,South America,Buenos Aires,U0107,Senior Consultant,10,P032,Renewable Energy,A0165,Code Snippet,Centralisation,validate,0,1,,,77,26,1,0,5,,
326,04/08/2024,Asia,Singapore,U0112,Consultant,28,P027,Renewable Energy,A0122,Template,Centralisation,upload,1,1,,0,83,30,1,1,8,,
327,21/04/2023,North America,Toronto,U0052,Senior Consultant,16,P026,Smart Manufacturing,A0139,Training Material,Collaboration,upload,0,1,,0,47,15,0,0,8,,
328,29/03/2023,Europe,Copenhagen,U0020,Consultant,36,P037,Logistics,A0210,Best Practice,Personalisation,upload,1,1,,0,48,0,0,0,8,,
329,14/02/2023,North America,New York,U0086,Junior Consultant,41,P031,Logistics,A0015,Client Deliverable,Collaboration,view,1,1,8,,,0,0,0,1,,
330,13/04/2024,Europe,Berlin,U0013,Junior Consultant,16,P056,Renewable Energy,A0161,Code Snippet,Centralisation,upload,1,1,,0,71,0,0,1,8,,
331,22/06/2023,Europe,Madrid,U0023,Manager,5,P021,Renewable Energy,A0099,Best Practice,Collaboration,view,0,1,16,,,11,0,0,1,,
332,10/05/2024,Europe,Copenhagen,U0014,Manager,6,P020,Renewable Energy,A0078,Code Snippet,Centralisation,view,0,1,20,,,0,0,0,1,,
333,17/09/2023,North America,Toronto,U0052,Senior Consultant,16,P009,Smart Manufacturing,A0014,Training Material,Collaboration,view,0,0,25,,,4,0,0,1,,
334,17/10/2022,Asia,Singapore,U0094,Senior Consultant,8,P060,Smart Manufacturing,A0206,Code Snippet,Personalisation,view,0,1,21,,,0,0,0,1,,
335,06/10/2023,Asia,Singapore,U0003,Consultant,10,P035,Renewable Energy,A0018,Best Practice,Personalisation,view,1,1,7,,,13,0,0,1,,
336,18/06/2024,North America,Toronto,U0075,Senior Consultant,18,P013,Logistics,A0182,Template,Collaboration,view,1,1,16,,,8,0,0,1,,
337,30/06/2024,Europe,Berlin,U0053,Consultant,13,P057,Smart Manufacturing,A0053,Code Snippet,Personalisation,upload,1,1,,0,87,11,0,1,8,,
338,15/10/2024,North America,New York,U0047,Manager,14,P001,Smart Manufacturing,A0185,Code Snippet,Collaboration,view,0,1,10,,,11,0,0,1,,
339,27/08/2023,Europe,Berlin,U0055,Consultant,21,P035,Renewable Energy,A0215,Framework,Collaboration,upload,0,1,,0,51,17,0,1,8,,
340,07/07/2022,Europe,Berlin,U0013,Junior Consultant,16,P027,Renewable Energy,A0058,Training Material,Centralisation,view,0,1,21,,,0,0,0,1,,
341,14/11/2022,Europe,Copenhagen,U0015,Consultant,30,P060,Smart Manufacturing,A0179,Training Material,Centralisation,upload,0,1,,0,64,0,0,0,8,,
342,15/10/2023,Asia,Tokyo,U0040,Senior Consultant,36,P020,Renewable Energy,A0067,Code Snippet,Collaboration,view,0,1,21,,,20,1,0,1,,
343,18/04/2023,Southeast Asia,Manila,U0101,Senior Consultant,21,P003,Renewable Energy,A0084,Framework,Personalisation,view,0,0,12,,,0,0,0,1,,
344,11/07/2022,North America,Austin,U0051,Knowledge Champion,11,P030,Renewable Energy,A0039,Client Deliverable,Personalisation,view,1,1,26,,,0,0,0,1,,
345,22/12/2023,North America,Vancouver,U0032,Senior Consultant,32,P043,Logistics,A0054,Template,Collaboration,comment,1,1,,,,0,0,0,2,,
346,14/12/2023,Europe,Madrid,U0005,Junior Consultant,29,P049,Logistics,A0201,Code Snippet,Collaboration,view,0,1,18,,,17,0,0,1,,
347,13/09/2023,Europe,Madrid,U0139,Senior Consultant,17,P049,Logistics,A0023,Best Practice,Personalisation,view,0,1,18,,,0,0,0,1,,
348,11/04/2023,Europe,London,U0077,Manager,10,P003,Renewable Energy,A0149,Training Material,Collaboration,view,0,1,19,,,0,0,0,1,,
349,07/09/2023,Europe,Berlin,U0013,Junior Consultant,16,P012,Smart Manufacturing,A0086,Training Material,Personalisation,view,0,1,16,,,0,0,0,1,,
350,13/08/2022,Europe,London,U0077,Manager,10,P052,Logistics,A0018,Best Practice,Personalisation,view,1,1,20,,,0,0,0,1,,
351,27/11/2022,Southeast Asia,Manila,U0101,Senior Consultant,21,P030,Renewable Energy,A0010,Client Deliverable,Personalisation,upload,0,1,,0,69,0,0,0,8,,
352,24/12/2023,Europe,Copenhagen,U0020,Consultant,36,P024,Renewable Energy,A0187,Framework,Centralisation,view,0,1,13,,,12,0,0,1,,
353,11/11/2023,Europe,Madrid,U0002,Consultant,12,P054,Logistics,A0166,Template,Personalisation,tag_fix,0,1,,,51,0,0,0,4,,
354,28/08/2022,Asia,Tokyo,U0040,Senior Consultant,36,P032,Renewable Energy,A0070,Template,Centralisation,view,0,1,24,,,0,0,0,1,,
355,28/03/2022,Asia,Bangalore,U0130,Junior Consultant,16,P017,Renewable Energy,A0094,Training Material,Centralisation,comment,0,1,,,,0,0,0,2,,
356,07/05/2023,Europe,London,U0137,Consultant,20,P033,Logistics,A0062,Training Material,Centralisation,tag_fix,0,0,,,62,0,0,0,4,,
357,27/09/2024,Asia,Bangalore,U0054,Consultant,12,P045,Logistics,A0191,Framework,Collaboration,view,1,1,5,,,14,0,0,1,,
358,05/03/2022,Europe,London,U0109,Consultant,47,P026,Smart Manufacturing,A0160,Code Snippet,Centralisation,view,1,1,17,,,0,0,0,1,,
359,22/03/2023,Southeast Asia,Manila,U0060,Consultant,12,P016,Logistics,A0153,Code Snippet,Personalisation,validate,0,1,,,57,7,0,0,5,,
360,19/05/2023,Europe,Berlin,U0019,Junior Consultant,7,P039,Renewable Energy,A0087,Training Material,Centralisation,comment,0,1,,,,10,0,0,2,,
361,14/09/2023,Europe,Madrid,U0088,Senior Consultant,26,P006,Logistics,A0208,Training Material,Personalisation,validate,0,1,,,69,0,0,0,5,,
362,13/04/2024,Asia,Bangalore,U0009,Consultant,23,P006,Logistics,A0202,Best Practice,Collaboration,view,1,1,8,,,24,1,0,1,,
363,07/12/2023,Southeast Asia,Manila,U0036,Senior Consultant,9,P014,Smart Manufacturing,A0051,Training Material,Collaboration,comment,1,1,,,,19,1,0,2,,
364,06/01/2022,Asia,Tokyo,U0123,Senior Consultant,17,P003,Renewable Energy,A0128,Framework,Centralisation,view,0,1,29,,,0,0,0,1,,
365,09/05/2022,North America,Austin,U0051,Knowledge Champion,11,P056,Renewable Energy,A0161,Code Snippet,Centralisation,upload,0,1,,0,30,0,0,0,8,,
366,29/11/2022,North America,Austin,U0127,Knowledge Champion,14,P044,Smart Manufacturing,A0198,Client Deliverable,Centralisation,validate,0,1,,,40,0,0,0,5,,
367,13/09/2023,Europe,Copenhagen,U0014,Manager,6,P048,Logistics,A0120,Best Practice,Collaboration,tag_fix,0,1,,,71,0,0,0,4,,
368,16/11/2024,Europe,London,U0077,Manager,10,P048,Logistics,A0152,Code Snippet,Collaboration,view,0,1,12,,,14,0,0,1,,
369,01/06/2023,Southeast Asia,Manila,U0060,Consultant,12,P016,Logistics,A0051,Training Material,Personalisation,view,0,1,13,,,12,0,0,1,,
370,13/04/2022,Southeast Asia,Manila,U0101,Senior Consultant,21,P043,Logistics,A0201,Code Snippet,Personalisation,view,0,1,26,,,0,0,0,1,,
371,16/02/2024,Asia,Jakarta,U0104,Senior Consultant,14,P006,Logistics,A0059,Best Practice,Collaboration,view,0,1,14,,,19,1,0,1,,
372,23/05/2024,Asia,Bangalore,U0079,Consultant,7,P001,Smart Manufacturing,A0077,Code Snippet,Centralisation,view,0,1,16,,,0,0,0,1,,
373,07/05/2024,Asia,Jakarta,U0106,Senior Consultant,20,P039,Renewable Energy,A0077,Code Snippet,Centralisation,view,1,1,1,,,0,0,0,1,,
374,12/08/2024,Asia,Bangalore,U0009,Consultant,23,P019,Logistics,A0086,Training Material,Centralisation,upload,0,1,,0,81,0,0,0,8,,
375,05/09/2022,North America,Toronto,U0056,Senior Consultant,6,P044,Smart Manufacturing,A0161,Code Snippet,Collaboration,upload,0,1,,0,60,0,0,0,8,,
376,13/01/2024,Southeast Asia,Manila,U0043,Senior Consultant,15,P015,Renewable Energy,A0090,Best Practice,Personalisation,tag_fix,0,1,,,97,16,0,0,4,,
377,15/10/2023,Asia,Bangalore,U0130,Junior Consultant,16,P051,Smart Manufacturing,A0156,Client Deliverable,Collaboration,view,0,1,15,,,6,0,0,1,,
378,01/01/2022,Asia,Tokyo,U0045,Manager,21,P007,Smart Manufacturing,A0063,Best Practice,Collaboration,view,0,1,19,,,0,0,0,1,,
379,26/07/2022,Europe,Copenhagen,U0132,Consultant,15,P043,Logistics,A0097,Template,Collaboration,upload,0,1,,0,44,0,0,0,8,,
380,10/11/2023,North America,Vancouver,U0114,Consultant,6,P018,Logistics,A0076,Training Material,Collaboration,view,0,1,20,,,0,0,0,1,,
381,05/12/2024,Asia,Singapore,U0016,Junior Consultant,13,P059,Logistics,A0168,Template,Centralisation,view,1,0,12,,,31,1,0,1,,
382,01/09/2022,North America,Vancouver,U0097,Consultant,28,P029,Logistics,A0080,Framework,Collaboration,validate,0,1,,,53,0,0,0,5,,
383,28/07/2024,Asia,Bangalore,U0009,Consultant,23,P021,Renewable Energy,A0124,Code Snippet,Collaboration,upload,1,1,,0,85,0,0,0,8,,
384,06/04/2022,Southeast Asia,Manila,U0101,Senior Consultant,21,P012,Smart Manufacturing,A0192,Template,Collaboration,view,0,1,20,,,0,0,0,1,,
385,22/02/2022,Asia,Bangalore,U0108,Consultant,3,P036,Renewable Energy,A0105,Template,Collaboration,view,0,1,25,,,0,0,0,1,,
386,08/01/2024,Southeast Asia,Ho Chi Minh City,U0072,Senior Consultant,13,P021,Renewable Energy,A0042,Framework,Personalisation,tag_fix,0,0,,,46,23,1,0,4,,
387,14/10/2022,North America,Toronto,U0052,Senior Consultant,16,P034,Logistics,A0207,Framework,Centralisation,tag_fix,0,1,,,59,0,0,0,4,,
388,16/12/2022,North America,Austin,U0080,Senior Consultant,12,P059,Logistics,A0014,Training Material,Collaboration,view,0,1,18,,,0,0,0,1,,
389,19/01/2023,Asia,Tokyo,U0070,Senior Consultant,20,P020,Renewable Energy,A0122,Template,Centralisation,view,1,1,10,,,11,0,0,1,,
390,17/06/2023,Europe,Berlin,U0093,Knowledge Champion,31,P026,Smart Manufacturing,A0082,Training Material,Collaboration,view,1,1,18,,,7,0,0,1,,
391,11/07/2024,Europe,Madrid,U0129,Consultant,17,P054,Logistics,A0105,Template,Collaboration,view,1,1,12,,,12,0,0,1,,
392,21/08/2024,Asia,Jakarta,U0106,Senior Consultant,20,P049,Logistics,A0020,Code Snippet,Centralisation,view,0,1,17,,,21,1,0,1,,
393,14/08/2023,North America,Vancouver,U0032,Senior Consultant,32,P017,Renewable Energy,A0116,Code Snippet,Centralisation,validate,0,1,,,75,3,0,0,5,,
394,26/12/2023,Europe,Berlin,U0093,Knowledge Champion,31,P017,Renewable Energy,A0063,Best Practice,Collaboration,tag_fix,0,1,,,81,0,0,0,4,,
395,25/04/2024,North America,New York,U0029,Manager,6,P060,Smart Manufacturing,A0079,Code Snippet,Centralisation,upload,0,1,,1,73,11,0,0,8,,
396,01/12/2023,South America,São Paulo,U0103,Consultant,4,P026,Smart Manufacturing,A0128,Framework,Centralisation,validate,0,0,,,78,7,0,0,5,,
397,25/12/2024,Europe,London,U0134,Junior Consultant,21,P027,Renewable Energy,A0172,Template,Centralisation,comment,0,1,,,,14,0,0,2,,
398,26/04/2024,Europe,Copenhagen,U0018,Consultant,23,P033,Logistics,A0001,Best Practice,Collaboration,tag_fix,0,1,,,76,8,0,0,4,,
399,15/07/2023,Europe,Madrid,U0034,Senior Consultant,4,P010,Smart Manufacturing,A0057,Framework,Collaboration,view,0,1,22,,,0,0,0,1,,
400,10/03/2022,Southeast Asia,Manila,U0098,Consultant,28,P057,Smart Manufacturing,A0074,Client Deliverable,Collaboration,upload,0,1,,0,43,0,0,0,8,,
401,18/05/2022,Asia,Bangalore,U0131,Manager,25,P018,Logistics,A0156,Client Deliverable,Centralisation,view,0,1,23,,,0,0,0,1,,
402,11/06/2022,Europe,Berlin,U0093,Knowledge Champion,31,P002,Renewable Energy,A0180,Template,Centralisation,view,0,0,34,,,0,0,0,1,,
403,26/07/2024,Southeast Asia,Manila,U0036,Senior Consultant,9,P029,Logistics,A0071,Client Deliverable,Collaboration,view,0,1,12,,,0,0,0,1,,
404,08/03/2022,Europe,London,U0011,Consultant,40,P035,Renewable Energy,A0212,Client Deliverable,Personalisation,view,0,1,22,,,0,0,0,1,,
405,09/11/2023,Europe,London,U0136,Consultant,12,P037,Logistics,A0059,Best Practice,Collaboration,view,0,1,9,,,16,0,0,1,,
406,04/03/2022,Europe,London,U0058,Junior Consultant,18,P050,Renewable Energy,A0045,Best Practice,Personalisation,upload,0,1,,1,51,0,0,0,8,,
407,03/07/2022,North America,New York,U0029,Manager,6,P026,Smart Manufacturing,A0100,Client Deliverable,Personalisation,view,0,1,23,,,1,0,0,1,,
408,23/04/2022,Europe,Madrid,U0096,Consultant,16,P035,Renewable Energy,A0085,Best Practice,Centralisation,view,0,1,23,,,0,0,0,1,,
409,02/06/2024,North America,New York,U0117,Senior Consultant,26,P044,Smart Manufacturing,A0182,Template,Centralisation,view,1,1,10,,,8,0,0,1,,
410,06/12/2022,Europe,Berlin,U0073,Junior Consultant,12,P049,Logistics,A0050,Best Practice,Collaboration,upload,0,1,,0,58,0,0,0,8,,
411,07/02/2023,Asia,Tokyo,U0068,Junior Consultant,26,P013,Logistics,A0144,Best Practice,Collaboration,validate,0,1,,,66,0,0,0,5,,
412,16/02/2022,Europe,Madrid,U0005,Junior Consultant,29,P005,Logistics,A0091,Client Deliverable,Centralisation,view,0,1,28,,,0,0,0,1,,
413,25/06/2023,Europe,London,U0091,Junior Consultant,43,P041,Smart Manufacturing,A0042,Framework,Centralisation,view,1,1,15,,,16,0,0,1,,
414,25/12/2022,Europe,London,U0091,Junior Consultant,43,P027,Renewable Energy,A0008,Training Material,Personalisation,validate,0,1,,,74,0,0,0,5,,
415,07/08/2022,Asia,Tokyo,U0040,Senior Consultant,36,P024,Renewable Energy,A0200,Template,Personalisation,tag_fix,0,1,,,33,0,0,0,4,,
416,23/11/2023,Asia,Jakarta,U0082,Consultant,10,P031,Logistics,A0211,Best Practice,Collaboration,comment,1,1,,,,20,1,0,2,,
417,07/03/2024,Asia,Bangalore,U0054,Consultant,12,P023,Renewable Energy,A0065,Training Material,Collaboration,view,1,1,3,,,0,0,0,1,,
418,28/11/2024,Asia,Singapore,U0112,Consultant,28,P050,Renewable Energy,A0188,Template,Centralisation,view,1,1,7,,,27,1,0,1,,
419,11/10/2022,North America,Vancouver,U0004,Consultant,17,P008,Renewable Energy,A0055,Framework,Personalisation,view,0,1,29,,,0,0,0,1,,
420,26/06/2022,Asia,Bangalore,U0119,Consultant,14,P050,Renewable Energy,A0012,Training Material,Personalisation,view,0,1,22,,,0,0,0,1,,
421,25/11/2023,Asia,Bangalore,U0119,Consultant,14,P032,Renewable Energy,A0197,Training Material,Centralisation,view,0,1,17,,,0,0,0,1,,
422,23/02/2024,North America,Austin,U0027,Consultant,18,P007,Smart Manufacturing,A0152,Code Snippet,Collaboration,tag_fix,0,1,,,63,5,0,0,4,,
423,19/06/2024,Europe,Copenhagen,U0018,Consultant,23,P037,Logistics,A0186,Best Practice,Collaboration,view,0,1,14,,,0,0,0,1,,
424,07/05/2023,North America,Toronto,U0121,Consultant,12,P045,Logistics,A0121,Client Deliverable,Centralisation,view,0,1,19,,,12,0,0,1,,
425,04/05/2023,North America,Vancouver,U0059,Senior Consultant,41,P001,Smart Manufacturing,A0101,Framework,Collaboration,view,0,1,14,,,0,0,0,1,,
426,20/03/2022,Asia,Tokyo,U0063,Consultant,17,P007,Smart Manufacturing,A0052,Client Deliverable,Centralisation,validate,0,1,,,68,0,0,0,5,,
427,08/05/2023,North America,Toronto,U0057,Consultant,36,P050,Renewable Energy,A0173,Template,Personalisation,upload,0,1,,1,52,8,0,0,8,,
428,07/09/2024,North America,Austin,U0027,Consultant,18,P049,Logistics,A0182,Template,Centralisation,upload,0,1,,0,59,11,0,0,8,,
429,21/02/2024,Asia,Jakarta,U0001,Consultant,40,P005,Logistics,A0218,Code Snippet,Personalisation,upload,0,1,,0,82,0,0,0,8,,
430,08/06/2022,Europe,Copenhagen,U0014,Manager,6,P043,Logistics,A0140,Best Practice,Personalisation,view,0,1,28,,,0,0,0,1,,
431,04/03/2023,North America,Toronto,U0007,Consultant,22,P012,Smart Manufacturing,A0213,Training Material,Collaboration,view,0,1,17,,,0,0,0,1,,
432,01/03/2023,Europe,Copenhagen,U0110,Junior Consultant,4,P008,Renewable Energy,A0157,Framework,Personalisation,comment,1,1,,,,0,0,0,2,,
433,05/05/2023,Europe,Berlin,U0026,Manager,12,P006,Logistics,A0095,Training Material,Centralisation,view,0,1,15,,,0,0,0,1,,
434,17/11/2023,North America,Austin,U0050,Manager,25,P001,Smart Manufacturing,A0021,Training Material,Centralisation,upload,0,1,,0,46,17,0,0,8,,
435,14/04/2024,Asia,Bangalore,U0054,Consultant,12,P059,Logistics,A0195,Training Material,Collaboration,validate,0,1,,,74,19,1,0,5,,
436,04/03/2022,Europe,Berlin,U0035,Consultant,13,P055,Renewable Energy,A0111,Code Snippet,Centralisation,validate,0,1,,,57,0,0,0,5,,
437,24/08/2023,North America,Vancouver,U0114,Consultant,6,P017,Renewable Energy,A0181,Template,Collaboration,upload,1,1,,0,95,17,0,0,8,,
438,30/11/2022,North America,Austin,U0122,Manager,11,P049,Logistics,A0160,Code Snippet,Collaboration,tag_fix,0,1,,,53,1,0,0,4,,
439,16/07/2023,Southeast Asia,Manila,U0064,Junior Consultant,13,P001,Smart Manufacturing,A0106,Training Material,Centralisation,view,1,1,12,,,3,0,0,1,,
440,05/11/2023,Asia,Jakarta,U0001,Consultant,40,P050,Renewable Energy,A0198,Client Deliverable,Collaboration,validate,0,1,,,56,0,0,0,5,,
441,03/08/2022,North America,Vancouver,U0010,Junior Consultant,18,P053,Renewable Energy,A0218,Code Snippet,Personalisation,view,0,1,20,,,0,0,0,1,,
442,27/07/2024,North America,Toronto,U0042,Junior Consultant,25,P014,Smart Manufacturing,A0136,Best Practice,Collaboration,upload,0,1,,0,82,6,0,0,8,,
443,03/07/2022,Europe,Berlin,U0055,Consultant,21,P014,Smart Manufacturing,A0074,Client Deliverable,Collaboration,validate,0,1,,,47,1,0,0,5,,
444,02/06/2024,North America,Vancouver,U0031,Senior Consultant,16,P012,Smart Manufacturing,A0157,Framework,Collaboration,view,0,1,9,,,0,0,0,1,,
445,11/03/2024,Southeast Asia,Manila,U0064,Junior Consultant,13,P022,Logistics,A0066,Training Material,Centralisation,comment,0,1,,,,5,0,0,2,,
446,18/10/2022,Europe,Copenhagen,U0018,Consultant,23,P039,Renewable Energy,A0018,Best Practice,Centralisation,view,1,1,19,,,1,0,0,1,,
447,30/01/2022,Europe,Berlin,U0019,Junior Consultant,7,P024,Renewable Energy,A0020,Code Snippet,Centralisation,upload,0,1,,0,75,0,0,0,8,,
448,15/07/2023,Europe,London,U0116,Consultant,20,P012,Smart Manufacturing,A0026,Best Practice,Centralisation,view,1,1,4,,,0,0,0,1,,
449,14/07/2022,North America,Austin,U0118,Junior Consultant,8,P022,Logistics,A0083,Template,Centralisation,tag_fix,0,1,,,60,0,0,0,4,,
450,09/04/2023,North America,Vancouver,U0028,Consultant,19,P055,Renewable Energy,A0054,Template,Collaboration,validate,0,1,,,62,0,0,0,5,,
451,21/01/2022,Europe,Copenhagen,U0049,Consultant,23,P005,Logistics,A0023,Best Practice,Collaboration,upload,0,1,,0,30,0,0,1,8,,
452,22/10/2022,Asia,Jakarta,U0124,Junior Consultant,19,P007,Smart Manufacturing,A0215,Framework,Centralisation,comment,0,1,,,,7,0,0,2,,
453,03/04/2023,Asia,Singapore,U0016,Junior Consultant,13,P005,Logistics,A0076,Training Material,Collaboration,upload,0,1,,0,43,0,0,0,8,,
454,11/10/2022,Asia,Jakarta,U0095,Knowledge Champion,10,P051,Smart Manufacturing,A0189,Code Snippet,Centralisation,view,1,1,22,,,9,0,0,1,,
455,24/05/2023,Southeast Asia,Manila,U0043,Senior Consultant,15,P019,Logistics,A0195,Training Material,Collaboration,view,1,0,27,,,8,0,0,1,,
456,25/03/2023,North America,Toronto,U0099,Manager,23,P055,Renewable Energy,A0094,Training Material,Collaboration,view,1,1,8,,,6,0,0,1,,
457,23/07/2022,North America,Vancouver,U0097,Consultant,28,P054,Logistics,A0095,Training Material,Centralisation,view,1,1,25,,,0,0,0,1,,
458,30/07/2024,Asia,Singapore,U0126,Consultant,15,P006,Logistics,A0104,Code Snippet,Personalisation,upload,0,1,,0,55,4,0,0,8,,
459,20/05/2022,North America,Toronto,U0069,Manager,28,P024,Renewable Energy,A0114,Best Practice,Collaboration,view,1,1,21,,,0,0,0,1,,
460,01/04/2023,Asia,Jakarta,U0124,Junior Consultant,19,P048,Logistics,A0056,Code Snippet,Collaboration,view,0,0,19,,,0,0,0,1,,
461,14/08/2022,Asia,Singapore,U0016,Junior Consultant,13,P028,Logistics,A0135,Framework,Personalisation,upload,0,1,,0,39,0,0,0,8,,
462,04/09/2024,Asia,Tokyo,U0068,Junior Consultant,26,P030,Renewable Energy,A0118,Code Snippet,Centralisation,validate,0,1,,,74,30,1,0,5,,
463,20/07/2022,Europe,Berlin,U0053,Consultant,13,P018,Logistics,A0170,Template,Centralisation,validate,0,1,,,62,0,0,0,5,,
464,30/08/2024,Asia,Jakarta,U0124,Junior Consultant,19,P017,Renewable Energy,A0047,Training Material,Personalisation,view,0,1,12,,,18,1,0,1,,
465,21/08/2024,Asia,Bangalore,U0009,Consultant,23,P035,Renewable Energy,A0166,Template,Personalisation,view,0,1,6,,,3,0,0,1,,
466,25/10/2022,North America,Toronto,U0100,Consultant,12,P052,Logistics,A0083,Template,Collaboration,validate,0,1,,,58,0,0,0,5,,
467,08/01/2023,North America,Vancouver,U0059,Senior Consultant,41,P002,Renewable Energy,A0154,Code Snippet,Collaboration,view,0,1,19,,,0,0,0,1,,
468,08/08/2023,North America,Toronto,U0113,Senior Consultant,18,P009,Smart Manufacturing,A0215,Framework,Collaboration,view,0,1,10,,,16,0,0,1,,
469,03/04/2024,North America,Toronto,U0007,Consultant,22,P044,Smart Manufacturing,A0043,Code Snippet,Collaboration,upload,0,1,,0,73,0,0,0,8,,
470,04/10/2024,Europe,Berlin,U0055,Consultant,21,P040,Smart Manufacturing,A0056,Code Snippet,Personalisation,view,0,1,16,,,0,0,0,1,,
471,09/07/2023,Europe,London,U0058,Junior Consultant,18,P049,Logistics,A0083,Template,Centralisation,upload,0,1,,0,83,8,0,0,8,,
472,04/05/2023,Asia,Jakarta,U0001,Consultant,40,P010,Smart Manufacturing,A0156,Client Deliverable,Personalisation,validate,0,1,,,54,1,0,0,5,,
473,02/03/2024,Southeast Asia,Manila,U0036,Senior Consultant,9,P017,Renewable Energy,A0062,Training Material,Centralisation,view,0,1,3,,,0,0,0,1,,
474,05/12/2024,Europe,Berlin,U0035,Consultant,13,P038,Renewable Energy,A0083,Template,Centralisation,tag_fix,0,1,,,84,25,1,0,4,,
475,15/07/2024,North America,Toronto,U0105,Senior Consultant,31,P017,Renewable Energy,A0146,Best Practice,Collaboration,view,1,0,13,,,9,0,0,1,,
476,15/04/2024,Europe,Berlin,U0025,Knowledge Champion,20,P004,Logistics,A0112,Template,Centralisation,comment,1,1,,,,6,0,0,2,,
477,15/08/2023,Asia,Tokyo,U0045,Manager,21,P056,Renewable Energy,A0036,Framework,Personalisation,view,0,1,19,,,13,0,0,1,,
478,16/11/2024,Europe,Copenhagen,U0030,Knowledge Champion,22,P029,Logistics,A0063,Best Practice,Personalisation,view,1,1,6,,,7,0,0,1,,
479,04/12/2024,North America,Austin,U0050,Manager,25,P028,Logistics,A0020,Code Snippet,Centralisation,view,0,1,9,,,24,1,0,1,,
480,08/06/2023,North America,Toronto,U0061,Consultant,30,P027,Renewable Energy,A0094,Training Material,Centralisation,comment,0,1,,,,8,0,0,2,,
481,27/04/2022,North America,Toronto,U0121,Consultant,12,P014,Smart Manufacturing,A0173,Template,Collaboration,view,0,1,21,,,0,0,0,1,,
482,05/01/2023,North America,Austin,U0120,Senior Consultant,22,P021,Renewable Energy,A0202,Best Practice,Collaboration,comment,0,1,,,,8,0,0,2,,
483,17/04/2024,South America,São Paulo,U0103,Consultant,4,P009,Smart Manufacturing,A0192,Template,Collaboration,view,0,1,13,,,22,1,0,1,,
484,18/01/2024,Asia,Jakarta,U0033,Consultant,13,P015,Renewable Energy,A0164,Client Deliverable,Centralisation,view,1,1,1,,,23,1,0,1,,
485,11/04/2024,Asia,Bangalore,U0108,Consultant,3,P042,Logistics,A0020,Code Snippet,Personalisation,view,0,1,10,,,16,0,0,1,,
486,08/12/2023,Asia,Singapore,U0112,Consultant,28,P021,Renewable Energy,A0045,Best Practice,Collaboration,validate,0,1,,,51,0,0,0,5,,
487,17/03/2024,Asia,Jakarta,U0095,Knowledge Champion,10,P008,Renewable Energy,A0162,Template,Collaboration,validate,0,1,,,76,23,1,0,5,,
488,07/02/2023,Asia,Jakarta,U0095,Knowledge Champion,10,P050,Renewable Energy,A0218,Code Snippet,Centralisation,view,0,1,11,,,0,0,0,1,,
489,04/04/2022,North America,Austin,U0051,Knowledge Champion,11,P058,Logistics,A0004,Training Material,Personalisation,view,1,1,14,,,0,0,0,1,,
490,10/01/2022,Asia,Tokyo,U0045,Manager,21,P006,Logistics,A0179,Training Material,Centralisation,view,0,1,30,,,0,0,0,1,,
491,30/04/2023,Europe,Madrid,U0005,Junior Consultant,29,P002,Renewable Energy,A0030,Best Practice,Centralisation,upload,0,1,,1,64,6,0,1,8,,
492,21/08/2023,South America,Buenos Aires,U0107,Senior Consultant,10,P048,Logistics,A0123,Framework,Centralisation,tag_fix,0,1,,,77,6,0,0,4,,
493,07/07/2022,Asia,Bangalore,U0017,Consultant,5,P040,Smart Manufacturing,A0014,Training Material,Centralisation,view,0,1,22,,,0,0,0,1,,
494,01/12/2023,Europe,Madrid,U0129,Consultant,17,P032,Renewable Energy,A0037,Framework,Collaboration,view,1,1,14,,,1,0,0,1,,
495,12/11/2022,Europe,London,U0109,Consultant,47,P025,Renewable Energy,A0076,Training Material,Centralisation,view,0,1,26,,,0,0,0,1,,
496,12/07/2022,Asia,Bangalore,U0017,Consultant,5,P038,Renewable Energy,A0039,Client Deliverable,Collaboration,view,0,1,29,,,0,0,0,1,,
497,19/04/2023,North America,Toronto,U0024,Junior Consultant,4,P053,Renewable Energy,A0170,Template,Personalisation,view,0,1,15,,,0,0,0,1,,
498,18/03/2023,North America,Vancouver,U0028,Consultant,19,P054,Logistics,A0163,Training Material,Collaboration,view,0,1,10,,,0,0,0,1,,
499,11/11/2023,Europe,Copenhagen,U0015,Consultant,30,P002,Renewable Energy,A0059,Best Practice,Centralisation,view,0,1,16,,,16,0,0,1,,
500,19/07/2024,North America,Austin,U0050,Manager,25,P058,Logistics,A0048,Framework,Centralisation,view,1,1,10,,,5,0,0,1,,
501,19/11/2022,Asia,Singapore,U0016,Junior Consultant,13,P015,Renewable Energy,A0119,Framework,Collaboration,validate,0,1,,,30,0,0,0,5,,
502,27/09/2023,Southeast Asia,Manila,U0102,Consultant,18,P021,Renewable Energy,A0134,Client Deliverable,Centralisation,view,1,1,17,,,0,0,0,1,,
503,11/04/2022,Asia,Jakarta,U0084,Senior Consultant,4,P033,Logistics,A0061,Framework,Collaboration,upload,0,1,,0,58,0,0,0,8,,
504,02/09/2022,Asia,Bangalore,U0130,Junior Consultant,16,P046,Logistics,A0134,Client Deliverable,Collaboration,tag_fix,0,1,,,41,0,0,0,4,,
505,29/09/2023,Europe,Copenhagen,U0020,Consultant,36,P007,Smart Manufacturing,A0169,Framework,Centralisation,upload,0,1,,0,74,8,0,1,8,,
506,14/10/2023,Asia,Tokyo,U0123,Senior Consultant,17,P046,Logistics,A0108,Training Material,Centralisation,validate,0,1,,,83,21,1,0,5,,
507,07/10/2023,Europe,Copenhagen,U0014,Manager,6,P007,Smart Manufacturing,A0197,Training Material,Personalisation,view,1,1,9,,,0,0,0,1,,
508,22/09/2022,Asia,Bangalore,U0017,Consultant,5,P030,Renewable Energy,A0176,Client Deliverable,Centralisation,view,0,1,17,,,0,0,0,1,,
509,29/11/2023,Asia,Singapore,U0112,Consultant,28,P034,Logistics,A0022,Training Material,Collaboration,upload,0,1,,1,63,9,0,0,8,,
510,04/10/2022,Europe,London,U0136,Consultant,12,P007,Smart Manufacturing,A0180,Template,Centralisation,upload,0,1,,0,53,0,0,1,8,,
511,22/12/2022,North America,Toronto,U0100,Consultant,12,P049,Logistics,A0207,Framework,Centralisation,view,0,1,26,,,0,0,0,1,,
512,28/08/2022,North America,Toronto,U0024,Junior Consultant,4,P017,Renewable Energy,A0190,Template,Collaboration,comment,0,1,,,,2,0,0,2,,
513,14/01/2023,Europe,Copenhagen,U0074,Consultant,19,P049,Logistics,A0120,Best Practice,Centralisation,view,0,1,16,,,0,0,0,1,,
514,02/10/2024,North America,Vancouver,U0028,Consultant,19,P056,Renewable Energy,A0209,Code Snippet,Collaboration,view,0,1,4,,,8,0,0,1,,
515,01/11/2022,North America,New York,U0083,Junior Consultant,17,P021,Renewable Energy,A0045,Best Practice,Collaboration,view,0,1,19,,,0,0,0,1,,
516,26/04/2022,Asia,Jakarta,U0001,Consultant,40,P056,Renewable Energy,A0060,Best Practice,Centralisation,view,0,1,20,,,0,0,0,1,,
517,18/03/2022,Asia,Jakarta,U0084,Senior Consultant,4,P015,Renewable Energy,A0218,Code Snippet,Collaboration,view,0,0,36,,,0,0,0,1,,
518,24/12/2023,Southeast Asia,Manila,U0101,Senior Consultant,21,P025,Renewable Energy,A0073,Client Deliverable,Centralisation,upload,0,1,,0,73,24,1,0,8,,
519,16/05/2023,Europe,Copenhagen,U0014,Manager,6,P057,Smart Manufacturing,A0187,Framework,Centralisation,upload,0,1,,0,37,5,0,0,8,,
520,21/09/2023,Europe,Berlin,U0035,Consultant,13,P016,Logistics,A0139,Training Material,Collaboration,view,0,1,14,,,20,1,0,1,,
521,20/12/2022,Asia,Jakarta,U0082,Consultant,10,P057,Smart Manufacturing,A0199,Client Deliverable,Collaboration,upload,0,1,,0,30,0,0,0,8,,
522,09/04/2022,North America,New York,U0117,Senior Consultant,26,P022,Logistics,A0121,Client Deliverable,Collaboration,validate,0,1,,,45,0,0,0,5,,
523,15/03/2023,Europe,Madrid,U0088,Senior Consultant,26,P024,Renewable Energy,A0064,Framework,Centralisation,upload,0,1,,1,31,0,0,0,8,,
524,19/05/2022,Southeast Asia,Ho Chi Minh City,U0128,Consultant,8,P048,Logistics,A0014,Training Material,Personalisation,view,0,1,22,,,0,0,0,1,,
525,14/02/2024,North America,Austin,U0080,Senior Consultant,12,P041,Smart Manufacturing,A0162,Template,Personalisation,tag_fix,0,1,,,77,22,1,0,4,,
526,23/12/2023,North America,Vancouver,U0028,Consultant,19,P039,Renewable Energy,A0151,Client Deliverable,Collaboration,comment,0,1,,,,5,0,0,2,,
527,25/01/2022,North America,Vancouver,U0059,Senior Consultant,41,P014,Smart Manufacturing,A0054,Template,Centralisation,view,0,0,34,,,0,0,0,1,,
528,13/09/2022,Asia,Bangalore,U0009,Consultant,23,P030,Renewable Energy,A0152,Code Snippet,Centralisation,view,0,1,20,,,0,0,0,1,,
529,12/01/2023,Asia,Singapore,U0135,Junior Consultant,32,P019,Logistics,A0211,Best Practice,Collaboration,view,0,1,19,,,10,0,0,1,,
530,29/04/2022,North America,Toronto,U0057,Consultant,36,P024,Renewable Energy,A0189,Code Snippet,Centralisation,view,0,1,25,,,3,0,0,1,,
531,18/02/2023,Asia,Jakarta,U0084,Senior Consultant,4,P020,Renewable Energy,A0085,Best Practice,Collaboration,view,0,1,11,,,6,0,0,1,,
532,23/01/2022,North America,Toronto,U0037,Junior Consultant,14,P039,Renewable Energy,A0097,Template,Personalisation,comment,0,1,,,,0,0,0,2,,
533,20/08/2022,Europe,Berlin,U0093,Knowledge Champion,31,P004,Logistics,A0015,Client Deliverable,Centralisation,view,0,1,23,,,0,0,0,1,,
534,17/03/2023,Asia,Bangalore,U0131,Manager,25,P030,Renewable Energy,A0040,Training Material,Centralisation,view,0,1,17,,,0,0,0,1,,
535,18/05/2024,Europe,Berlin,U0035,Consultant,13,P039,Renewable Energy,A0177,Training Material,Centralisation,view,0,1,5,,,15,0,0,1,,
536,17/08/2024,Europe,Copenhagen,U0014,Manager,6,P006,Logistics,A0199,Client Deliverable,Centralisation,upload,0,1,,0,77,10,0,1,8,,
537,24/11/2024,Asia,Tokyo,U0045,Manager,21,P015,Renewable Energy,A0155,Framework,Collaboration,upload,0,0,,1,72,22,1,0,8,,
538,19/03/2023,Asia,Tokyo,U0070,Senior Consultant,20,P054,Logistics,A0215,Framework,Personalisation,view,1,1,18,,,11,0,0,1,,
539,26/06/2022,Europe,Copenhagen,U0018,Consultant,23,P058,Logistics,A0204,Client Deliverable,Personalisation,view,0,1,30,,,0,0,0,1,,
540,20/03/2023,North America,New York,U0140,Senior Consultant,33,P022,Logistics,A0105,Template,Centralisation,validate,0,1,,,37,0,0,0,5,,
541,27/11/2022,North America,Toronto,U0105,Senior Consultant,31,P023,Renewable Energy,A0159,Training Material,Centralisation,view,0,1,18,,,7,0,0,1,,
542,19/10/2022,North America,Austin,U0050,Manager,25,P038,Renewable Energy,A0081,Code Snippet,Centralisation,upload,0,1,,0,57,0,0,0,8,,
543,22/09/2024,North America,Austin,U0122,Manager,11,P018,Logistics,A0121,Client Deliverable,Personalisation,view,0,1,14,,,29,1,0,1,,
544,23/04/2023,Europe,Berlin,U0019,Junior Consultant,7,P023,Renewable Energy,A0180,Template,Centralisation,view,0,1,15,,,0,0,0,1,,
545,19/11/2023,Europe,London,U0091,Junior Consultant,43,P046,Logistics,A0177,Training Material,Personalisation,tag_fix,0,1,,,66,9,0,0,4,,
546,14/01/2022,Europe,London,U0011,Consultant,40,P055,Renewable Energy,A0201,Code Snippet,Centralisation,view,0,1,29,,,0,0,0,1,,
547,02/04/2024,South America,São Paulo,U0111,Consultant,24,P040,Smart Manufacturing,A0077,Code Snippet,Collaboration,upload,1,1,,0,65,0,0,0,8,,
548,27/03/2024,Asia,Jakarta,U0084,Senior Consultant,4,P038,Renewable Energy,A0147,Template,Centralisation,view,0,0,21,,,13,0,0,1,,
549,04/04/2024,North America,New York,U0047,Manager,14,P019,Logistics,A0030,Best Practice,Collaboration,upload,0,0,,0,84,17,0,0,8,,
550,17/07/2023,Asia,Singapore,U0094,Senior Consultant,8,P034,Logistics,A0006,Code Snippet,Personalisation,view,0,1,15,,,0,0,0,1,,
551,03/09/2024,Europe,Copenhagen,U0030,Knowledge Champion,22,P022,Logistics,A0066,Training Material,Personalisation,view,1,1,9,,,11,0,0,1,,
552,29/01/2024,North America,Toronto,U0100,Consultant,12,P005,Logistics,A0093,Template,Personalisation,validate,0,1,,,83,4,0,0,5,,
553,13/08/2023,North America,Austin,U0127,Knowledge Champion,14,P011,Renewable Energy,A0177,Training Material,Centralisation,view,0,1,12,,,6,0,0,1,,
554,15/10/2022,Europe,Copenhagen,U0038,Junior Consultant,7,P020,Renewable Energy,A0059,Best Practice,Personalisation,view,0,1,23,,,3,0,0,1,,
555,08/08/2022,North America,Toronto,U0037,Junior Consultant,14,P036,Renewable Energy,A0142,Template,Centralisation,comment,0,1,,,,2,0,0,2,,
556,31/01/2023,Europe,London,U0011,Consultant,40,P048,Logistics,A0128,Framework,Centralisation,tag_fix,0,1,,,70,0,0,0,4,,
557,03/01/2023,Asia,Jakarta,U0033,Consultant,13,P020,Renewable Energy,A0010,Client Deliverable,Centralisation,upload,0,1,,0,41,0,0,0,8,,
558,06/08/2024,North America,Toronto,U0042,Junior Consultant,25,P007,Smart Manufacturing,A0047,Training Material,Centralisation,view,1,0,21,,,17,0,0,1,,
559,05/09/2022,Asia,Singapore,U0112,Consultant,28,P021,Renewable Energy,A0101,Framework,Personalisation,view,1,1,18,,,0,0,0,1,,
560,25/12/2022,Southeast Asia,Manila,U0043,Senior Consultant,15,P012,Smart Manufacturing,A0039,Client Deliverable,Personalisation,validate,0,1,,,63,0,0,0,5,,
561,01/07/2024,Europe,London,U0136,Consultant,12,P040,Smart Manufacturing,A0175,Framework,Collaboration,comment,0,1,,,,19,1,0,2,,
562,29/01/2022,Europe,London,U0116,Consultant,20,P029,Logistics,A0006,Code Snippet,Centralisation,view,0,1,21,,,0,0,0,1,,
563,09/04/2022,North America,Vancouver,U0133,Knowledge Champion,12,P010,Smart Manufacturing,A0128,Framework,Centralisation,upload,0,1,,1,61,0,0,0,8,,
564,20/11/2024,Europe,Madrid,U0002,Consultant,12,P055,Renewable Energy,A0205,Template,Collaboration,view,1,1,10,,,9,0,0,1,,
565,17/04/2024,North America,New York,U0086,Junior Consultant,41,P031,Logistics,A0149,Training Material,Personalisation,comment,1,1,,,,0,0,0,2,,
566,05/07/2023,Europe,Berlin,U0055,Consultant,21,P051,Smart Manufacturing,A0171,Framework,Collaboration,validate,0,0,,,57,0,0,0,5,,
567,14/10/2023,Asia,Tokyo,U0068,Junior Consultant,26,P052,Logistics,A0157,Framework,Personalisation,view,0,1,13,,,0,0,0,1,,
568,19/06/2022,Asia,Singapore,U0126,Consultant,15,P060,Smart Manufacturing,A0213,Training Material,Centralisation,validate,0,1,,,54,0,0,0,5,,
569,28/04/2024,Europe,Copenhagen,U0076,Consultant,6,P038,Renewable Energy,A0130,Code Snippet,Collaboration,view,0,1,18,,,3,0,0,1,,
570,30/07/2022,North America,Vancouver,U0097,Consultant,28,P018,Logistics,A0030,Best Practice,Personalisation,view,0,1,20,,,0,0,0,1,,
571,16/06/2022,South America,São Paulo,U0115,Senior Consultant,6,P042,Logistics,A0095,Training Material,Personalisation,upload,0,1,,1,69,0,0,0,8,,
572,24/07/2023,Asia,Jakarta,U0095,Knowledge Champion,10,P014,Smart Manufacturing,A0131,Template,Collaboration,comment,0,1,,,,3,0,0,2,,
573,23/07/2023,North America,New York,U0117,Senior Consultant,26,P042,Logistics,A0082,Training Material,Collaboration,view,1,1,15,,,8,0,0,1,,
574,24/10/2022,Europe,Copenhagen,U0076,Consultant,6,P004,Logistics,A0155,Framework,Personalisation,comment,0,1,,,,0,0,0,2,,
575,11/02/2024,Southeast Asia,Manila,U0064,Junior Consultant,13,P017,Renewable Energy,A0209,Code Snippet,Personalisation,view,1,0,14,,,0,0,0,1,,
576,12/03/2022,North America,Toronto,U0056,Senior Consultant,6,P030,Renewable Energy,A0154,Code Snippet,Collaboration,view,0,1,25,,,0,0,0,1,,
577,15/01/2023,Europe,Berlin,U0035,Consultant,13,P042,Logistics,A0209,Code Snippet,Personalisation,validate,0,1,,,77,0,0,0,5,,
578,18/06/2023,Europe,Copenhagen,U0087,Consultant,5,P011,Renewable Energy,A0042,Framework,Centralisation,comment,1,1,,,,16,0,0,2,,
579,16/06/2023,Asia,Singapore,U0016,Junior Consultant,13,P015,Renewable Energy,A0042,Framework,Personalisation,comment,0,0,,,,16,0,0,2,,
580,24/02/2024,Europe,London,U0137,Consultant,20,P040,Smart Manufacturing,A0219,Best Practice,Centralisation,comment,1,1,,,,21,1,0,2,,
581,03/10/2023,Asia,Singapore,U0016,Junior Consultant,13,P048,Logistics,A0099,Best Practice,Personalisation,view,0,1,12,,,14,0,0,1,,
582,15/06/2023,North America,Toronto,U0042,Junior Consultant,25,P034,Logistics,A0176,Client Deliverable,Centralisation,upload,0,1,,0,48,0,0,0,8,,
583,03/07/2023,Asia,Jakarta,U0095,Knowledge Champion,10,P007,Smart Manufacturing,A0142,Template,Collaboration,view,1,1,12,,,13,0,0,1,,
584,15/07/2022,Asia,Jakarta,U0095,Knowledge Champion,10,P025,Renewable Energy,A0029,Training Material,Centralisation,comment,0,1,,,,0,0,0,2,,
585,28/02/2024,South America,São Paulo,U0046,Senior Consultant,9,P021,Renewable Energy,A0198,Client Deliverable,Centralisation,upload,0,0,,0,71,1,0,0,8,,
586,13/01/2024,Asia,Jakarta,U0124,Junior Consultant,19,P060,Smart Manufacturing,A0163,Training Material,Collaboration,view,1,1,14,,,10,0,0,1,,
587,21/01/2023,Europe,Copenhagen,U0049,Consultant,23,P020,Renewable Energy,A0076,Training Material,Centralisation,comment,1,0,,,,0,0,0,2,,
588,21/01/2022,Asia,Bangalore,U0054,Consultant,12,P036,Renewable Energy,A0019,Training Material,Personalisation,view,0,1,29,,,0,0,0,1,,
589,15/08/2022,Europe,Copenhagen,U0074,Consultant,19,P060,Smart Manufacturing,A0026,Best Practice,Collaboration,comment,1,1,,,,0,0,0,2,,
590,11/04/2022,Europe,Copenhagen,U0110,Junior Consultant,4,P006,Logistics,A0072,Training Material,Personalisation,view,0,1,14,,,0,0,0,1,,
591,27/12/2024,North America,New York,U0047,Manager,14,P001,Smart Manufacturing,A0147,Template,Centralisation,view,1,1,10,,,23,1,0,1,,
592,07/09/2022,North America,Toronto,U0069,Manager,28,P038,Renewable Energy,A0190,Template,Centralisation,view,0,0,29,,,2,0,0,1,,
593,25/02/2022,Europe,Copenhagen,U0018,Consultant,23,P039,Renewable Energy,A0213,Training Material,Personalisation,view,0,1,27,,,0,0,0,1,,
594,19/11/2024,Europe,Copenhagen,U0038,Junior Consultant,7,P028,Logistics,A0094,Training Material,Centralisation,tag_fix,0,1,,,76,26,1,0,4,,
595,24/12/2024,North America,Toronto,U0099,Manager,23,P011,Renewable Energy,A0096,Training Material,Personalisation,view,0,1,10,,,0,0,0,1,,
596,07/06/2023,North America,New York,U0140,Senior Consultant,33,P010,Smart Manufacturing,A0042,Framework,Centralisation,upload,0,1,,1,73,16,0,0,8,,
597,16/07/2022,Southeast Asia,Ho Chi Minh City,U0128,Consultant,8,P027,Renewable Energy,A0119,Framework,Centralisation,view,0,1,24,,,0,0,0,1,,
598,30/04/2023,Europe,Madrid,U0002,Consultant,12,P016,Logistics,A0211,Best Practice,Collaboration,view,0,1,19,,,14,0,0,1,,
599,29/05/2024,North America,New York,U0086,Junior Consultant,41,P031,Logistics,A0196,Template,Collaboration,upload,1,0,,0,68,15,0,0,8,,
600,19/03/2022,North America,New York,U0047,Manager,14,P013,Logistics,A0018,Best Practice,Collaboration,view,0,1,19,,,0,0,0,1,,
601,11/06/2022,Europe,London,U0109,Consultant,47,P049,Logistics,A0079,Code Snippet,Collaboration,upload,0,1,,0,55,0,0,1,8,,
602,03/06/2024,Asia,Jakarta,U0084,Senior Consultant,4,P060,Smart Manufacturing,A0028,Framework,Personalisation,view,1,1,9,,,0,0,0,1,,
603,08/09/2022,Europe,Madrid,U0041,Junior Consultant,20,P053,Renewable Energy,A0161,Code Snippet,Centralisation,validate,0,1,,,58,0,0,0,5,,
604,08/04/2022,North America,Austin,U0027,Consultant,18,P034,Logistics,A0191,Framework,Centralisation,validate,0,1,,,56,0,0,0,5,,
605,14/04/2023,Asia,Bangalore,U0054,Consultant,12,P028,Logistics,A0067,Code Snippet,Centralisation,view,1,1,5,,,14,0,0,1,,
606,02/04/2023,Southeast Asia,Manila,U0102,Consultant,18,P007,Smart Manufacturing,A0051,Training Material,Personalisation,view,0,0,23,,,10,0,0,1,,
607,24/05/2023,North America,Toronto,U0069,Manager,28,P043,Logistics,A0172,Template,Centralisation,view,0,1,15,,,0,0,0,1,,
608,22/05/2022,Asia,Tokyo,U0040,Senior Consultant,36,P006,Logistics,A0019,Training Material,Centralisation,upload,0,1,,0,76,0,0,0,8,,
609,27/09/2024,North America,New York,U0065,Consultant,13,P013,Logistics,A0026,Best Practice,Personalisation,view,1,1,15,,,2,0,0,1,,
610,27/08/2024,Asia,Jakarta,U0033,Consultant,13,P010,Smart Manufacturing,A0018,Best Practice,Centralisation,view,0,1,14,,,24,1,0,1,,
611,03/04/2022,Europe,Copenhagen,U0020,Consultant,36,P008,Renewable Energy,A0206,Code Snippet,Centralisation,view,0,1,18,,,0,0,0,1,,
612,14/12/2023,North America,Toronto,U0044,Manager,4,P045,Logistics,A0213,Training Material,Collaboration,view,0,1,19,,,6,0,0,1,,
613,15/06/2024,South America,São Paulo,U0046,Senior Consultant,9,P001,Smart Manufacturing,A0034,Training Material,Collaboration,upload,0,1,,0,70,17,0,0,8,,
614,28/08/2022,Europe,Copenhagen,U0030,Knowledge Champion,22,P052,Logistics,A0098,Best Practice,Centralisation,upload,0,1,,0,62,0,0,1,8,,
615,19/09/2023,Asia,Jakarta,U0082,Consultant,10,P055,Renewable Energy,A0192,Template,Collaboration,validate,0,1,,,57,15,0,0,5,,
616,27/12/2024,North America,Austin,U0051,Knowledge Champion,11,P020,Renewable Energy,A0133,Client Deliverable,Collaboration,view,1,1,13,,,34,1,0,1,,
617,01/04/2023,Southeast Asia,Ho Chi Minh City,U0072,Senior Consultant,13,P043,Logistics,A0129,Best Practice,Centralisation,upload,0,1,,1,64,0,0,0,8,,
618,01/09/2022,South America,São Paulo,U0115,Senior Consultant,6,P050,Renewable Energy,A0096,Training Material,Centralisation,view,0,1,22,,,0,0,0,1,,
619,08/02/2024,North America,New York,U0140,Senior Consultant,33,P019,Logistics,A0076,Training Material,Collaboration,view,0,1,18,,,0,0,0,1,,
620,13/03/2023,Europe,London,U0116,Consultant,20,P056,Renewable Energy,A0092,Template,Personalisation,view,0,1,7,,,12,0,0,1,,
621,01/03/2023,Southeast Asia,Manila,U0060,Consultant,12,P051,Smart Manufacturing,A0111,Code Snippet,Collaboration,view,0,1,12,,,0,0,0,1,,
622,13/07/2023,Asia,Singapore,U0016,Junior Consultant,13,P022,Logistics,A0093,Template,Personalisation,view,0,1,10,,,0,0,0,1,,
623,18/09/2023,North America,Vancouver,U0059,Senior Consultant,41,P022,Logistics,A0087,Training Material,Collaboration,view,1,1,12,,,15,0,0,1,,
624,29/07/2022,Asia,Jakarta,U0095,Knowledge Champion,10,P013,Logistics,A0070,Template,Centralisation,tag_fix,0,1,,,54,0,0,0,4,,
625,26/11/2023,Asia,Bangalore,U0108,Consultant,3,P056,Renewable Energy,A0113,Training Material,Centralisation,view,0,1,8,,,6,0,0,1,,
626,20/11/2022,Europe,London,U0091,Junior Consultant,43,P018,Logistics,A0016,Framework,Collaboration,comment,0,1,,,,0,0,0,2,,
627,21/04/2022,Europe,Copenhagen,U0110,Junior Consultant,4,P028,Logistics,A0050,Best Practice,Collaboration,upload,0,1,,1,51,0,0,1,8,,
628,11/11/2024,Southeast Asia,Manila,U0102,Consultant,18,P039,Renewable Energy,A0066,Training Material,Centralisation,comment,0,0,,,,13,0,0,2,,
629,01/02/2024,Europe,Copenhagen,U0030,Knowledge Champion,22,P049,Logistics,A0083,Template,Collaboration,view,1,1,10,,,15,0,0,1,,
630,11/02/2022,Southeast Asia,Manila,U0060,Consultant,12,P019,Logistics,A0026,Best Practice,Collaboration,view,0,1,27,,,0,0,0,1,,
631,22/10/2023,North America,Vancouver,U0032,Senior Consultant,32,P003,Renewable Energy,A0147,Template,Personalisation,view,0,1,8,,,8,0,0,1,,
632,08/09/2022,North America,Toronto,U0061,Consultant,30,P014,Smart Manufacturing,A0113,Training Material,Personalisation,view,0,1,18,,,0,0,0,1,,
633,26/08/2022,Asia,Tokyo,U0085,Senior Consultant,30,P026,Smart Manufacturing,A0062,Training Material,Personalisation,view,0,1,29,,,0,0,0,1,,
634,19/03/2022,Europe,London,U0134,Junior Consultant,21,P051,Smart Manufacturing,A0141,Template,Centralisation,validate,0,1,,,51,0,0,0,5,,
635,08/09/2024,North America,Austin,U0120,Senior Consultant,22,P001,Smart Manufacturing,A0014,Training Material,Personalisation,view,1,1,6,,,16,0,0,1,,
636,19/08/2024,North America,Toronto,U0100,Consultant,12,P011,Renewable Energy,A0205,Template,Collaboration,comment,0,1,,,,6,0,0,2,,
637,06/07/2022,North America,Austin,U0080,Senior Consultant,12,P030,Renewable Energy,A0055,Framework,Centralisation,view,0,1,28,,,0,0,0,1,,
638,10/01/2022,South America,São Paulo,U0111,Consultant,24,P027,Renewable Energy,A0130,Code Snippet,Collaboration,view,0,1,27,,,0,0,0,1,,
639,13/12/2022,Europe,Berlin,U0026,Manager,12,P033,Logistics,A0136,Best Practice,Centralisation,view,0,1,17,,,0,0,0,1,,
640,04/03/2024,South America,Buenos Aires,U0092,Senior Consultant,22,P055,Renewable Energy,A0086,Training Material,Personalisation,view,0,0,20,,,0,0,0,1,,
641,27/01/2024,Europe,Copenhagen,U0030,Knowledge Champion,22,P024,Renewable Energy,A0169,Framework,Personalisation,comment,0,1,,,,12,0,0,2,,
642,22/08/2022,Europe,Copenhagen,U0087,Consultant,5,P011,Renewable Energy,A0107,Framework,Collaboration,upload,0,1,,1,48,7,0,0,8,,
643,09/02/2023,Europe,London,U0137,Consultant,20,P029,Logistics,A0093,Template,Centralisation,view,0,1,18,,,0,0,0,1,,
644,07/02/2024,Europe,Copenhagen,U0015,Consultant,30,P002,Renewable Energy,A0097,Template,Collaboration,view,0,1,9,,,0,0,0,1,,
645,14/10/2024,North America,New York,U0140,Senior Consultant,33,P031,Logistics,A0206,Code Snippet,Centralisation,view,0,1,13,,,3,0,0,1,,
646,14/06/2023,Europe,Madrid,U0129,Consultant,17,P009,Smart Manufacturing,A0180,Template,Centralisation,view,1,1,1,,,0,0,0,1,,
647,30/12/2024,Europe,Berlin,U0035,Consultant,13,P046,Logistics,A0124,Code Snippet,Centralisation,validate,0,1,,,83,2,0,0,5,,
648,01/04/2023,North America,Vancouver,U0114,Consultant,6,P048,Logistics,A0213,Training Material,Centralisation,view,0,1,23,,,0,0,0,1,,
649,03/12/2022,Asia,Singapore,U0016,Junior Consultant,13,P042,Logistics,A0028,Framework,Personalisation,upload,0,1,,0,67,0,0,0,8,,
650,30/10/2022,North America,Toronto,U0069,Manager,28,P052,Logistics,A0217,Code Snippet,Collaboration,upload,0,0,,1,82,7,0,0,8,,
651,14/06/2023,North America,Toronto,NEW001,New Hire,0,,,,,Centralisation,onboarding,,,,,,,,,,3,1
652,26/08/2022,North America,New York,NEW002,New Hire,0,,,,,Centralisation,onboarding,,,,,,,,,,5,0
653,02/07/2023,North America,New York,NEW003,New Hire,0,,,,,Centralisation,onboarding,,,,,,,,,,2,1
654,20/04/2023,Asia,Bangalore,NEW004,New Hire,0,,,,,Centralisation,onboarding,,,,,,,,,,2,1
655,23/01/2024,North America,Toronto,NEW005,New Hire,0,,,,,Centralisation,onboarding,,,,,,,,,,4,1
656,25/11/2022,Europe,Copenhagen,NEW006,New Hire,0,,,,,Centralisation,onboarding,,,,,,,,,,6,0
657,02/04/2024,Asia,Bangalore,NEW007,New Hire,0,,,,,Centralisation,onboarding,,,,,,,,,,3,1
658,26/07/2022,Europe,Copenhagen,NEW008,New Hire,0,,,,,Centralisation,onboarding,,,,,,,,,,6,0
659,03/11/2022,Europe,Berlin,NEW009,New Hire,0,,,,,Centralisation,onboarding,,,,,,,,,,5,0
660,22/01/2023,North America,Toronto,NEW010,New Hire,0,,,,,Centralisation,onboarding,,,,,,,,,,4,1
661,22/09/2023,Europe,London,NEW011,New Hire,0,,,,,Centralisation,onboarding,,,,,,,,,,2,1
662,26/08/2022,Europe,Berlin,NEW012,New Hire,0,,,,,Centralisation,onboarding,,,,,,,,,,6,0
663,18/08/2024,Southeast Asia,Ho Chi Minh City,NEW013,New Hire,0,,,,,Centralisation,onboarding,,,,,,,,,,3,1
664,12/03/2022,Asia,Singapore,NEW014,New Hire,0,,,,,Centralisation,onboarding,,,,,,,,,,6,0
665,08/10/2023,North America,Vancouver,NEW015,New Hire,0,,,,,Centralisation,onboarding,,,,,,,,,,2,1
666,21/11/2023,North America,Toronto,NEW016,New Hire,0,,,,,Centralisation,onboarding,,,,,,,,,,2,1
667,16/11/2024,North America,Toronto,NEW017,New Hire,0,,,,,Centralisation,onboarding,,,,,,,,,,4,1
668,21/04/2024,Europe,Madrid,NEW018,New Hire,0,,,,,Centralisation,onboarding,,,,,,,,,,3,1
669,06/10/2024,North America,Vancouver,NEW019,New Hire,0,,,,,Centralisation,onboarding,,,,,,,,,,3,1
670,19/09/2024,North America,Austin,NEW020,New Hire,0,,,,,Centralisation,onboarding,,,,,,,,,,3,1
671,26/05/2023,Southeast Asia,Ho Chi Minh City,NEW021,New Hire,0,,,,,Centralisation,onboarding,,,,,,,,,,3,1
672,06/09/2023,Asia,Bangalore,NEW022,New Hire,0,,,,,Centralisation,onboarding,,,,,,,,,,5,1
673,21/07/2023,Europe,Berlin,NEW023,New Hire,0,,,,,Centralisation,onboarding,,,,,,,,,,2,1
674,16/11/2023,Southeast Asia,Manila,NEW024,New Hire,0,,,,,Centralisation,onboarding,,,,,,,,,,3,1
675,02/06/2022,Europe,London,NEW025,New Hire,0,,,,,Centralisation,onboarding,,,,,,,,,,5,0
676,11/09/2022,North America,Toronto,NEW026,New Hire,0,,,,,Centralisation,onboarding,,,,,,,,,,5,0
677,17/08/2024,Asia,Jakarta,NEW027,New Hire,0,,,,,Centralisation,onboarding,,,,,,,,,,3,1
678,01/10/2024,Asia,Bangalore,NEW028,New Hire,0,,,,,Centralisation,onboarding,,,,,,,,,,2,1
679,11/02/2024,Europe,Madrid,NEW029,New Hire,0,,,,,Centralisation,onboarding,,,,,,,,,,2,1
680,17/11/2024,North America,Toronto,NEW030,New Hire,0,,,,,Centralisation,onboarding,,,,,,,,,,3,1
681,01/03/2024,South America,São Paulo,NEW031,New Hire,0,,,,,Centralisation,onboarding,,,,,,,,,,2,1
682,04/05/2023,Europe,Madrid,NEW032,New Hire,0,,,,,Centralisation,onboarding,,,,,,,,,,2,1
683,10/02/2024,Southeast Asia,Ho Chi Minh City,NEW033,New Hire,0,,,,,Centralisation,onboarding,,,,,,,,,,3,1
684,09/06/2024,Europe,Madrid,NEW034,New Hire,0,,,,,Centralisation,onboarding,,,,,,,,,,4,1
685,10/01/2023,Europe,London,NEW035,New Hire,0,,,,,Centralisation,onboarding,,,,,,,,,,3,1
686,13/03/2023,North America,Toronto,NEW036,New Hire,0,,,,,Centralisation,onboarding,,,,,,,,,,4,1
687,04/05/2023,North America,Austin,NEW037,New Hire,0,,,,,Centralisation,onboarding,,,,,,,,,,3,1
688,23/07/2023,Europe,London,NEW038,New Hire,0,,,,,Centralisation,onboarding,,,,,,,,,,3,1
689,10/09/2022,Asia,Tokyo,NEW039,New Hire,0,,,,,Centralisation,onboarding,,,,,,,,,,6,0
690,17/09/2023,Asia,Jakarta,NEW040,New Hire,0,,,,,Centralisation,onboarding,,,,,,,,,,2,1
